Row,Date,Time,Device,State
0,08/27/21,19:16:42,Cooling,1
1,08/27/21,19:20:25,Heat Ex Comp,1
2,08/27/21,19:24:15,Heat Ex Comp,0
3,08/27/21,19:31:46,Cooling,1
4,08/27/21,19:34:16,Heat Ex Comp,1
5,08/27/21,19:38:05,Heat Ex Comp,0
6,08/27/21,19:45:27,Cooling,1
7,08/27/21,19:48:05,Heat Ex Comp,1
8,08/27/21,19:51:49,Heat Ex Comp,0
9,08/27/21,19:59:36,Cooling,1
10,08/27/21,20:01:49,Heat Ex Comp,1
11,08/27/21,20:05:29,Heat Ex Comp,0
12,08/27/21,20:06:03,Effulent Coil,1
13,08/27/21,20:11:51,Cooling,1
14,08/27/21,20:15:29,Heat Ex Comp,1
15,08/27/21,20:19:24,Heat Ex Comp,0
16,08/27/21,20:20:21,Conductivity Pump,1
17,08/27/21,20:20:31,Conductivity Pump,0
18,08/27/21,20:21:32,Conductivity Pump,1
19,08/27/21,20:21:42,Conductivity Pump,0
20,08/27/21,20:23:42,Conductivity Pump,1
21,08/27/21,20:23:52,Conductivity Pump,0
22,08/27/21,20:26:27,Cooling,1
23,08/27/21,20:29:23,Heat Ex Comp,1
24,08/27/21,20:33:10,Heat Ex Comp,0
25,08/27/21,20:33:45,Effulent Coil,0
26,08/27/21,20:40:04,Cooling,1
27,08/27/21,20:43:11,Heat Ex Comp,1
28,08/27/21,20:46:59,Heat Ex Comp,0
29,08/27/21,20:54:44,Cooling,1
30,08/27/21,20:56:58,Heat Ex Comp,1
31,08/27/21,21:00:37,Heat Ex Comp,0
32,08/27/21,21:08:11,Cooling,1
33,08/27/21,21:10:38,Heat Ex Comp,1
34,08/27/21,21:13:56,Heat Ex Comp,0
35,08/27/21,21:21:27,Cooling,1
36,08/27/21,21:23:55,Heat Ex Comp,1
37,08/27/21,21:27:36,Heat Ex Comp,0
38,08/27/21,21:35:33,Cooling,1
39,08/27/21,21:37:37,Heat Ex Comp,1
40,08/27/21,21:41:16,Heat Ex Comp,0
41,08/27/21,21:46:03,Effulent Coil,1
42,08/27/21,21:48:48,Cooling,1
43,08/27/21,21:51:16,Heat Ex Comp,1
44,08/27/21,21:55:03,Heat Ex Comp,0
45,08/27/21,22:02:08,Cooling,1
46,08/27/21,22:05:04,Heat Ex Comp,1
47,08/27/21,22:08:45,Heat Ex Comp,0
48,08/27/21,22:13:46,Effulent Coil,0
49,08/27/21,22:15:32,Cooling,1
50,08/27/21,22:18:45,Heat Ex Comp,1
51,08/27/21,22:22:27,Heat Ex Comp,0
52,08/27/21,22:30:15,Cooling,1
53,08/27/21,22:32:26,Heat Ex Comp,1
54,08/27/21,22:36:11,Heat Ex Comp,0
55,08/27/21,22:37:53,Conductivity Pump,1
56,08/27/21,22:38:03,Conductivity Pump,0
57,08/27/21,22:39:07,Conductivity Pump,1
58,08/27/21,22:39:17,Conductivity Pump,0
59,08/27/21,22:41:17,Conductivity Pump,1
60,08/27/21,22:41:24,Conductivity Pump,0
61,08/27/21,22:44:01,Cooling,1
62,08/27/21,22:46:10,Heat Ex Comp,1
63,08/27/21,22:49:51,Heat Ex Comp,0
64,08/27/21,22:57:36,Cooling,1
65,08/27/21,22:59:51,Heat Ex Comp,1
66,08/27/21,23:03:29,Heat Ex Comp,0
67,08/27/21,23:10:17,Cooling,1
68,08/27/21,23:13:29,Heat Ex Comp,1
69,08/27/21,23:17:04,Heat Ex Comp,0
70,08/27/21,23:25:06,Cooling,1
71,08/27/21,23:26:04,Effulent Coil,1
72,08/27/21,23:27:04,Heat Ex Comp,1
73,08/27/21,23:30:40,Heat Ex Comp,0
74,08/27/21,23:37:40,Cooling,1
75,08/27/21,23:40:40,Heat Ex Comp,1
76,08/27/21,23:44:27,Heat Ex Comp,0
77,08/27/21,23:51:30,Cooling,1
78,08/27/21,23:53:45,Effulent Coil,0
79,08/27/21,23:54:27,Heat Ex Comp,1
80,08/27/21,23:58:10,Heat Ex Comp,0
81,08/28/21,00:05:22,Cooling,1
82,08/28/21,00:08:10,Heat Ex Comp,1
83,08/28/21,00:11:46,Heat Ex Comp,0
84,08/28/21,00:19:53,Cooling,1
85,08/28/21,00:21:46,Heat Ex Comp,1
86,08/28/21,00:25:23,Heat Ex Comp,0
87,08/28/21,00:33:39,Cooling,1
88,08/28/21,00:35:23,Heat Ex Comp,1
89,08/28/21,00:38:48,Heat Ex Comp,0
90,08/28/21,00:47:03,Cooling,1
91,08/28/21,00:48:48,Heat Ex Comp,1
92,08/28/21,00:52:17,Heat Ex Comp,0
93,08/28/21,01:00:38,Cooling,1
94,08/28/21,01:02:17,Heat Ex Comp,1
95,08/28/21,01:05:46,Heat Ex Comp,0
96,08/28/21,01:06:06,Effulent Coil,1
97,08/28/21,01:12:26,Cooling,1
98,08/28/21,01:15:46,Heat Ex Comp,1
99,08/28/21,01:19:28,Heat Ex Comp,0
100,08/28/21,01:23:33,Conductivity Pump,1
101,08/28/21,01:23:42,Conductivity Pump,0
102,08/28/21,01:25:43,Conductivity Pump,1
103,08/28/21,01:25:52,Conductivity Pump,0
104,08/28/21,01:26:57,Cooling,1
105,08/28/21,01:27:53,Conductivity Pump,1
106,08/28/21,01:28:02,Conductivity Pump,0
107,08/28/21,01:29:28,Heat Ex Comp,1
108,08/28/21,01:33:07,Heat Ex Comp,0
109,08/28/21,01:33:48,Effulent Coil,0
110,08/28/21,01:40:51,Cooling,1
111,08/28/21,01:43:07,Heat Ex Comp,1
112,08/28/21,01:46:47,Heat Ex Comp,0
113,08/28/21,01:54:50,Cooling,1
114,08/28/21,01:56:47,Heat Ex Comp,1
115,08/28/21,02:00:18,Heat Ex Comp,0
116,08/28/21,02:07:48,Cooling,1
117,08/28/21,02:10:18,Heat Ex Comp,1
118,08/28/21,02:13:44,Heat Ex Comp,0
119,08/28/21,02:21:17,Cooling,1
120,08/28/21,02:23:44,Heat Ex Comp,1
121,08/28/21,02:27:18,Heat Ex Comp,0
122,08/28/21,02:35:05,Cooling,1
123,08/28/21,02:37:19,Heat Ex Comp,1
124,08/28/21,02:40:55,Heat Ex Comp,0
125,08/28/21,02:46:06,Effulent Coil,1
126,08/28/21,02:48:50,Cooling,1
127,08/28/21,02:50:55,Heat Ex Comp,1
128,08/28/21,02:54:29,Heat Ex Comp,0
129,08/28/21,03:01:52,Cooling,1
130,08/28/21,03:04:28,Heat Ex Comp,1
131,08/28/21,03:08:06,Heat Ex Comp,0
132,08/28/21,03:09:03,Conductivity Pump,1
133,08/28/21,03:09:13,Conductivity Pump,0
134,08/28/21,03:10:31,Conductivity Pump,1
135,08/28/21,03:10:41,Conductivity Pump,0
136,08/28/21,03:12:41,Conductivity Pump,1
137,08/28/21,03:12:51,Conductivity Pump,0
138,08/28/21,03:13:48,Effulent Coil,0
139,08/28/21,03:15:02,Cooling,1
140,08/28/21,03:18:06,Heat Ex Comp,1
141,08/28/21,03:21:44,Heat Ex Comp,0
142,08/28/21,03:29:17,Cooling,1
143,08/28/21,03:31:44,Heat Ex Comp,1
144,08/28/21,03:35:18,Heat Ex Comp,0
145,08/28/21,03:41:46,Cooling,1
146,08/28/21,03:45:17,Heat Ex Comp,1
147,08/28/21,03:48:51,Heat Ex Comp,0
148,08/28/21,03:56:55,Cooling,1
149,08/28/21,03:58:51,Heat Ex Comp,1
150,08/28/21,04:02:16,Heat Ex Comp,0
151,08/28/21,04:10:01,Cooling,1
152,08/28/21,04:12:16,Heat Ex Comp,1
153,08/28/21,04:15:46,Heat Ex Comp,0
154,08/28/21,04:24:19,Cooling,1
155,08/28/21,04:25:47,Heat Ex Comp,1
156,08/28/21,04:26:06,Effulent Coil,1
157,08/28/21,04:29:11,Heat Ex Comp,0
158,08/28/21,04:36:46,Cooling,1
159,08/28/21,04:39:12,Heat Ex Comp,1
160,08/28/21,04:42:44,Heat Ex Comp,0
161,08/28/21,04:50:08,Cooling,1
162,08/28/21,04:52:44,Heat Ex Comp,1
163,08/28/21,04:53:48,Effulent Coil,0
164,08/28/21,04:56:18,Heat Ex Comp,0
165,08/28/21,05:03:44,Cooling,1
166,08/28/21,05:06:17,Heat Ex Comp,1
167,08/28/21,05:09:54,Heat Ex Comp,0
168,08/28/21,05:18:11,Cooling,1
169,08/28/21,05:19:55,Heat Ex Comp,1
170,08/28/21,05:23:24,Heat Ex Comp,0
171,08/28/21,05:31:36,Cooling,1
172,08/28/21,05:33:25,Heat Ex Comp,1
173,08/28/21,05:36:53,Heat Ex Comp,0
174,08/28/21,05:44:58,Cooling,1
175,08/28/21,05:46:53,Heat Ex Comp,1
176,08/28/21,05:50:19,Heat Ex Comp,0
177,08/28/21,05:51:36,Conductivity Pump,1
178,08/28/21,05:51:46,Conductivity Pump,0
179,08/28/21,05:53:46,Conductivity Pump,1
180,08/28/21,05:53:56,Conductivity Pump,0
181,08/28/21,05:58:13,Cooling,1
182,08/28/21,06:00:18,Heat Ex Comp,1
183,08/28/21,06:03:53,Heat Ex Comp,0
184,08/28/21,06:06:06,Effulent Coil,1
185,08/28/21,06:10:54,Cooling,1
186,08/28/21,06:13:52,Heat Ex Comp,1
187,08/28/21,06:17:25,Heat Ex Comp,0
188,08/28/21,06:24:48,Cooling,1
189,08/28/21,06:27:25,Heat Ex Comp,1
190,08/28/21,06:31:01,Heat Ex Comp,0
191,08/28/21,06:33:48,Effulent Coil,0
192,08/28/21,06:37:23,Cooling,1
193,08/28/21,06:41:01,Heat Ex Comp,1
194,08/28/21,06:44:38,Heat Ex Comp,0
195,08/28/21,06:46:11,Conductivity Pump,1
196,08/28/21,06:46:21,Conductivity Pump,0
197,08/28/21,06:48:21,Conductivity Pump,1
198,08/28/21,06:48:31,Conductivity Pump,0
199,08/28/21,06:52:19,Cooling,1
200,08/28/21,06:54:38,Heat Ex Comp,1
201,08/28/21,06:58:08,Heat Ex Comp,0
202,08/28/21,07:06:06,Cooling,1
203,08/28/21,07:08:08,Heat Ex Comp,1
204,08/28/21,07:11:39,Heat Ex Comp,0
205,08/28/21,07:19:14,Cooling,1
206,08/28/21,07:21:39,Heat Ex Comp,1
207,08/28/21,07:25:18,Heat Ex Comp,0
208,08/28/21,07:33:00,Cooling,1
209,08/28/21,07:35:18,Heat Ex Comp,1
210,08/28/21,07:38:47,Heat Ex Comp,0
211,08/28/21,07:46:07,Effulent Coil,1
212,08/28/21,07:46:56,Cooling,1
213,08/28/21,07:48:47,Heat Ex Comp,1
214,08/28/21,07:52:28,Heat Ex Comp,0
215,08/28/21,07:59:05,Cooling,1
216,08/28/21,08:02:28,Heat Ex Comp,1
217,08/28/21,08:05:45,Heat Ex Comp,0
218,08/28/21,08:13:11,Cooling,1
219,08/28/21,08:13:49,Effulent Coil,0
220,08/28/21,08:15:45,Heat Ex Comp,1
221,08/28/21,08:19:20,Heat Ex Comp,0
222,08/28/21,08:25:46,pH Pump,1
223,08/28/21,08:26:16,pH Pump,0
224,08/28/21,08:26:58,Cooling,1
225,08/28/21,08:29:11,pH Pump,1
226,08/28/21,08:29:20,Heat Ex Comp,1
227,08/28/21,08:29:41,pH Pump,0
228,08/28/21,08:32:59,Heat Ex Comp,0
229,08/28/21,08:33:21,pH Pump,1
230,08/28/21,08:33:51,pH Pump,0
231,08/28/21,08:37:31,pH Pump,1
232,08/28/21,08:37:49,pH Pump,0
233,08/28/21,08:38:05,Cooling,1
234,08/28/21,08:42:59,Heat Ex Comp,1
235,08/28/21,09:02:32,pH Pump,1
236,08/28/21,09:03:02,pH Pump,0
237,08/28/21,09:05:59,Heat Ex Comp,0
238,08/28/21,09:06:42,pH Pump,1
239,08/28/21,09:07:12,pH Pump,0
240,08/28/21,09:10:15,Heating,1
241,08/28/21,09:10:52,pH Pump,1
242,08/28/21,09:11:22,pH Pump,0
243,08/28/21,09:15:02,pH Pump,1
244,08/28/21,09:15:32,pH Pump,0
245,08/28/21,09:15:59,Heat Ex Comp,1
246,08/28/21,09:19:12,pH Pump,1
247,08/28/21,09:19:42,pH Pump,0
248,08/28/21,09:23:22,pH Pump,1
249,08/28/21,09:23:52,pH Pump,0
250,08/28/21,09:26:07,Effulent Coil,1
251,08/28/21,09:27:32,pH Pump,1
252,08/28/21,09:27:59,Heat Ex Comp,0
253,08/28/21,09:28:02,pH Pump,0
254,08/28/21,09:29:54,Cooling,1
255,08/28/21,09:37:59,Heat Ex Comp,1
256,08/28/21,09:53:49,Effulent Coil,0
257,08/28/21,09:55:27,Heat Ex Comp,0
258,08/28/21,10:03:50,Heating,1
259,08/28/21,10:05:27,Heat Ex Comp,1
260,08/28/21,10:13:13,Heat Ex Comp,0
261,08/28/21,10:13:22,Cooling,1
262,08/28/21,10:20:07,Conductivity Pump,1
263,08/28/21,10:20:17,Conductivity Pump,0
264,08/28/21,10:22:17,Conductivity Pump,1
265,08/28/21,10:22:27,Conductivity Pump,0
266,08/28/21,10:23:13,Heat Ex Comp,1
267,08/28/21,10:24:27,Conductivity Pump,1
268,08/28/21,10:24:37,Conductivity Pump,0
269,08/28/21,10:26:37,Conductivity Pump,1
270,08/28/21,10:26:47,Conductivity Pump,0
271,08/28/21,10:27:59,pH Pump,1
272,08/28/21,10:28:29,pH Pump,0
273,08/28/21,10:28:40,Heat Ex Comp,0
274,08/28/21,10:28:47,Conductivity Pump,1
275,08/28/21,10:28:57,Conductivity Pump,0
276,08/28/21,10:30:29,pH Pump,1
277,08/28/21,10:30:57,Conductivity Pump,1
278,08/28/21,10:30:59,pH Pump,0
279,08/28/21,10:31:07,Conductivity Pump,0
280,08/28/21,10:33:07,Conductivity Pump,1
281,08/28/21,10:33:17,Conductivity Pump,0
282,08/28/21,10:33:40,Cooling,1
283,08/28/21,10:34:39,pH Pump,1
284,08/28/21,10:35:09,pH Pump,0
285,08/28/21,10:35:17,Conductivity Pump,1
286,08/28/21,10:35:27,Conductivity Pump,0
287,08/28/21,10:37:27,Conductivity Pump,1
288,08/28/21,10:37:37,Conductivity Pump,0
289,08/28/21,10:38:40,Heat Ex Comp,1
290,08/28/21,10:38:49,pH Pump,1
291,08/28/21,10:39:19,pH Pump,0
292,08/28/21,10:39:37,Conductivity Pump,1
293,08/28/21,10:39:47,Conductivity Pump,0
294,08/28/21,10:42:59,pH Pump,1
295,08/28/21,10:43:06,Heat Ex Comp,0
296,08/28/21,10:43:29,pH Pump,0
297,08/28/21,10:47:09,pH Pump,1
298,08/28/21,10:47:39,pH Pump,0
299,08/28/21,10:49:05,Cooling,1
300,08/28/21,10:51:19,pH Pump,1
301,08/28/21,10:51:49,pH Pump,0
302,08/28/21,10:53:06,Heat Ex Comp,1
303,08/28/21,10:55:29,pH Pump,1
304,08/28/21,10:55:59,pH Pump,0
305,08/28/21,10:59:39,pH Pump,1
306,08/28/21,11:00:09,pH Pump,0
307,08/28/21,11:03:49,pH Pump,1
308,08/28/21,11:04:19,pH Pump,0
309,08/28/21,11:06:07,Effulent Coil,1
310,08/28/21,11:07:59,pH Pump,1
311,08/28/21,11:08:04,Heat Ex Comp,0
312,08/28/21,11:08:29,pH Pump,0
313,08/28/21,11:10:14,Heating,1
314,08/28/21,11:12:09,pH Pump,1
315,08/28/21,11:12:39,pH Pump,0
316,08/28/21,11:18:04,Heat Ex Comp,1
317,08/28/21,11:24:45,Heat Ex Comp,0
318,08/28/21,11:26:35,Cooling,1
319,08/28/21,11:31:21,Water Pump,0
320,08/28/21,11:31:21,Heat Pump,0
321,08/28/21,11:31:21,UV Coil,0
322,08/28/21,11:31:21,Effulent Coil,0
323,08/28/21,11:31:33,Heat Pump,1
324,08/28/21,11:31:33,UV Coil,1
325,08/28/21,11:31:38,Water Pump,1
326,08/28/21,11:31:38,Effulent Coil,1
327,08/28/21,11:33:49,Effulent Coil,0
328,08/28/21,11:34:45,Heat Ex Comp,1
329,08/28/21,11:40:45,Conductivity Pump,1
330,08/28/21,11:40:55,Conductivity Pump,0
331,08/28/21,11:41:13,Heat Ex Comp,0
332,08/28/21,11:42:55,Conductivity Pump,1
333,08/28/21,11:43:05,Conductivity Pump,0
334,08/28/21,11:45:05,Conductivity Pump,1
335,08/28/21,11:45:15,Conductivity Pump,0
336,08/28/21,11:45:44,Cooling,1
337,08/28/21,11:47:15,Conductivity Pump,1
338,08/28/21,11:47:25,Conductivity Pump,0
339,08/28/21,11:49:25,Conductivity Pump,1
340,08/28/21,11:49:35,Conductivity Pump,0
341,08/28/21,11:51:13,Heat Ex Comp,1
342,08/28/21,11:51:35,Conductivity Pump,1
343,08/28/21,11:51:45,Conductivity Pump,0
344,08/28/21,11:53:32,pH Pump,1
345,08/28/21,11:54:02,pH Pump,0
346,08/28/21,11:55:56,Heat Ex Comp,0
347,08/28/21,11:55:59,pH Pump,1
348,08/28/21,11:56:29,pH Pump,0
349,08/28/21,12:00:09,pH Pump,1
350,08/28/21,12:00:39,pH Pump,0
351,08/28/21,12:01:51,Cooling,1
352,08/28/21,12:04:19,pH Pump,1
353,08/28/21,12:04:49,pH Pump,0
354,08/28/21,12:05:56,Heat Ex Comp,1
355,08/28/21,12:08:29,pH Pump,1
356,08/28/21,12:08:59,pH Pump,0
357,08/28/21,12:10:07,Heat Ex Comp,0
358,08/28/21,12:12:39,pH Pump,1
359,08/28/21,12:13:09,pH Pump,0
360,08/28/21,12:16:44,Cooling,1
361,08/28/21,12:16:49,pH Pump,1
362,08/28/21,12:17:19,pH Pump,0
363,08/28/21,12:20:07,Heat Ex Comp,1
364,08/28/21,12:23:52,Heat Ex Comp,0
365,08/28/21,12:31:21,Cooling,1
366,08/28/21,12:33:52,Heat Ex Comp,1
367,08/28/21,12:37:40,Heat Ex Comp,0
368,08/28/21,12:45:14,Cooling,1
369,08/28/21,12:46:07,Effulent Coil,1
370,08/28/21,12:47:40,Heat Ex Comp,1
371,08/28/21,12:51:25,Heat Ex Comp,0
372,08/28/21,12:58:48,Cooling,1
373,08/28/21,13:01:25,Heat Ex Comp,1
374,08/28/21,13:05:11,Heat Ex Comp,0
375,08/28/21,13:11:58,Cooling,1
376,08/28/21,13:13:49,Effulent Coil,0
377,08/28/21,13:15:12,Heat Ex Comp,1
378,08/28/21,13:18:53,Heat Ex Comp,0
379,08/28/21,13:26:26,Cooling,1
380,08/28/21,13:28:54,Heat Ex Comp,1
381,08/28/21,13:32:28,Heat Ex Comp,0
382,08/28/21,13:40:33,Cooling,1
383,08/28/21,13:42:27,Heat Ex Comp,1
384,08/28/21,13:45:58,Heat Ex Comp,0
385,08/28/21,13:53:52,Cooling,1
386,08/28/21,13:55:59,Heat Ex Comp,1
387,08/28/21,13:59:31,Heat Ex Comp,0
388,08/28/21,14:07:28,Cooling,1
389,08/28/21,14:09:30,Heat Ex Comp,1
390,08/28/21,14:12:59,Heat Ex Comp,0
391,08/28/21,14:20:51,Cooling,1
392,08/28/21,14:22:58,Heat Ex Comp,1
393,08/28/21,14:26:07,Effulent Coil,1
394,08/28/21,14:26:29,Heat Ex Comp,0
395,08/28/21,14:32:55,Cooling,1
396,08/28/21,14:36:30,Heat Ex Comp,1
397,08/28/21,14:50:06,Heat Ex Comp,0
398,08/28/21,14:53:19,Heating,1
399,08/28/21,14:53:49,Effulent Coil,0
400,08/28/21,15:00:06,Heat Ex Comp,1
401,08/28/21,15:01:56,Heat Ex Comp,0
402,08/28/21,15:08:20,Conductivity Pump,1
403,08/28/21,15:08:30,Conductivity Pump,0
404,08/28/21,15:09:48,Conductivity Pump,1
405,08/28/21,15:09:58,Conductivity Pump,0
406,08/28/21,15:11:58,Conductivity Pump,1
407,08/28/21,15:12:08,Conductivity Pump,0
408,08/28/21,15:14:08,Conductivity Pump,1
409,08/28/21,15:14:18,Conductivity Pump,0
410,08/28/21,15:14:52,pH Pump,1
411,08/28/21,15:15:22,pH Pump,0
412,08/28/21,15:16:14,Heat Ex Comp,1
413,08/28/21,15:16:14,Cooling,1
414,08/28/21,15:16:18,Conductivity Pump,1
415,08/28/21,15:16:28,Conductivity Pump,0
416,08/28/21,15:18:28,Conductivity Pump,1
417,08/28/21,15:18:38,Conductivity Pump,0
418,08/28/21,15:19:02,pH Pump,1
419,08/28/21,15:19:22,Heat Ex Comp,0
420,08/28/21,15:19:32,pH Pump,0
421,08/28/21,15:20:38,Conductivity Pump,1
422,08/28/21,15:20:48,Conductivity Pump,0
423,08/28/21,15:23:12,pH Pump,1
424,08/28/21,15:23:42,pH Pump,0
425,08/28/21,15:27:21,pH Pump,1
426,08/28/21,15:27:52,pH Pump,0
427,08/28/21,15:28:39,Cooling,1
428,08/28/21,15:29:23,Heat Ex Comp,1
429,08/28/21,15:31:32,pH Pump,1
430,08/28/21,15:32:02,pH Pump,0
431,08/28/21,15:32:40,Heat Ex Comp,0
432,08/28/21,15:41:51,Cooling,1
433,08/28/21,15:42:41,Heat Ex Comp,1
434,08/28/21,15:45:57,Heat Ex Comp,0
435,08/28/21,15:55:01,Cooling,1
436,08/28/21,15:55:56,Heat Ex Comp,1
437,08/28/21,15:59:30,Heat Ex Comp,0
438,08/28/21,16:06:08,Effulent Coil,1
439,08/28/21,16:08:20,Cooling,1
440,08/28/21,16:09:29,Heat Ex Comp,1
441,08/28/21,16:13:01,Heat Ex Comp,0
442,08/28/21,16:20:54,Cooling,1
443,08/28/21,16:23:01,Heat Ex Comp,1
444,08/28/21,16:26:36,Heat Ex Comp,0
445,08/28/21,16:33:49,Effulent Coil,0
446,08/28/21,16:34:30,Cooling,1
447,08/28/21,16:36:36,Heat Ex Comp,1
448,08/28/21,16:40:01,Heat Ex Comp,0
449,08/28/21,16:47:50,Cooling,1
450,08/28/21,16:50:01,Heat Ex Comp,1
451,08/28/21,16:53:25,Heat Ex Comp,0
452,08/28/21,17:01:06,Cooling,1
453,08/28/21,17:03:26,Heat Ex Comp,1
454,08/28/21,17:06:54,Heat Ex Comp,0
455,08/28/21,17:14:50,Cooling,1
456,08/28/21,17:16:54,Heat Ex Comp,1
457,08/28/21,17:20:25,Heat Ex Comp,0
458,08/28/21,17:28:22,Cooling,1
459,08/28/21,17:30:25,Heat Ex Comp,1
460,08/28/21,17:33:57,Heat Ex Comp,0
461,08/28/21,17:41:51,Cooling,1
462,08/28/21,17:43:57,Heat Ex Comp,1
463,08/28/21,17:46:08,Effulent Coil,1
464,08/28/21,17:47:34,Heat Ex Comp,0
465,08/28/21,17:54:52,Cooling,1
466,08/28/21,17:57:34,Heat Ex Comp,1
467,08/28/21,18:01:08,Heat Ex Comp,0
468,08/28/21,18:08:15,Cooling,1
469,08/28/21,18:11:08,Heat Ex Comp,1
470,08/28/21,18:13:49,Effulent Coil,0
471,08/28/21,18:14:51,Heat Ex Comp,0
472,08/28/21,18:15:23,Conductivity Pump,1
473,08/28/21,18:15:33,Conductivity Pump,0
474,08/28/21,18:17:01,Conductivity Pump,1
475,08/28/21,18:17:10,Conductivity Pump,0
476,08/28/21,18:19:11,Conductivity Pump,1
477,08/28/21,18:19:20,Conductivity Pump,0
478,08/28/21,18:21:54,Cooling,1
479,08/28/21,18:24:51,Heat Ex Comp,1
480,08/28/21,18:28:31,Heat Ex Comp,0
481,08/28/21,18:36:36,Cooling,1
482,08/28/21,18:38:31,Heat Ex Comp,1
483,08/28/21,18:42:06,Heat Ex Comp,0
484,08/28/21,18:50:04,Cooling,1
485,08/28/21,18:52:06,Heat Ex Comp,1
486,08/28/21,18:55:46,Heat Ex Comp,0
487,08/28/21,19:04:36,Cooling,1
488,08/28/21,19:05:46,Heat Ex Comp,1
489,08/28/21,19:09:12,Heat Ex Comp,0
490,08/28/21,19:17:26,Cooling,1
491,08/28/21,19:19:12,Heat Ex Comp,1
492,08/28/21,19:22:41,Heat Ex Comp,0
493,08/28/21,19:26:08,Effulent Coil,1
494,08/28/21,19:30:16,Cooling,1
495,08/28/21,19:32:41,Heat Ex Comp,1
496,08/28/21,19:36:17,Heat Ex Comp,0
497,08/28/21,19:44:11,Cooling,1
498,08/28/21,19:46:17,Heat Ex Comp,1
499,08/28/21,19:49:48,Heat Ex Comp,0
500,08/28/21,19:53:50,Effulent Coil,0
501,08/28/21,19:57:47,Cooling,1
502,08/28/21,19:59:48,Heat Ex Comp,1
503,08/28/21,20:03:24,Heat Ex Comp,0
504,08/28/21,20:12:04,Cooling,1
505,08/28/21,20:13:24,Heat Ex Comp,1
506,08/28/21,20:16:53,Heat Ex Comp,0
507,08/28/21,20:25:12,Cooling,1
508,08/28/21,20:26:53,Heat Ex Comp,1
509,08/28/21,20:30:23,Heat Ex Comp,0
510,08/28/21,20:37:54,Cooling,1
511,08/28/21,20:40:23,Heat Ex Comp,1
512,08/28/21,20:43:49,Heat Ex Comp,0
513,08/28/21,20:51:54,Cooling,1
514,08/28/21,20:53:49,Heat Ex Comp,1
515,08/28/21,20:57:17,Heat Ex Comp,0
516,08/28/21,21:05:33,Cooling,1
517,08/28/21,21:06:08,Effulent Coil,1
518,08/28/21,21:07:17,Heat Ex Comp,1
519,08/28/21,21:11:01,Heat Ex Comp,0
520,08/28/21,21:19:27,Cooling,1
521,08/28/21,21:21:01,Heat Ex Comp,1
522,08/28/21,21:24:29,Heat Ex Comp,0
523,08/28/21,21:24:56,Conductivity Pump,1
524,08/28/21,21:25:06,Conductivity Pump,0
525,08/28/21,21:26:28,Conductivity Pump,1
526,08/28/21,21:26:38,Conductivity Pump,0
527,08/28/21,21:28:38,Conductivity Pump,1
528,08/28/21,21:28:48,Conductivity Pump,0
529,08/28/21,21:30:48,Conductivity Pump,1
530,08/28/21,21:30:54,Conductivity Pump,0
531,08/28/21,21:32:09,Cooling,1
532,08/28/21,21:33:50,Effulent Coil,0
533,08/28/21,21:34:29,Heat Ex Comp,1
534,08/28/21,21:37:57,Heat Ex Comp,0
535,08/28/21,21:46:02,Cooling,1
536,08/28/21,21:47:57,Heat Ex Comp,1
537,08/28/21,21:51:31,Heat Ex Comp,0
538,08/28/21,21:59:30,Cooling,1
539,08/28/21,22:01:31,Heat Ex Comp,1
540,08/28/21,22:05:00,Heat Ex Comp,0
541,08/28/21,22:12:08,Cooling,1
542,08/28/21,22:15:00,Heat Ex Comp,1
543,08/28/21,22:18:41,Heat Ex Comp,0
544,08/28/21,22:27:04,Cooling,1
545,08/28/21,22:28:41,Heat Ex Comp,1
546,08/28/21,22:32:12,Heat Ex Comp,0
547,08/28/21,22:40:24,Cooling,1
548,08/28/21,22:42:12,Heat Ex Comp,1
549,08/28/21,22:45:37,Heat Ex Comp,0
550,08/28/21,22:46:08,Effulent Coil,1
551,08/28/21,22:52:26,Cooling,1
552,08/28/21,22:55:37,Heat Ex Comp,1
553,08/28/21,22:59:07,Heat Ex Comp,0
554,08/28/21,23:06:53,Cooling,1
555,08/28/21,23:09:07,Heat Ex Comp,1
556,08/28/21,23:12:35,Heat Ex Comp,0
557,08/28/21,23:13:50,Effulent Coil,0
558,08/28/21,23:20:14,Cooling,1
559,08/28/21,23:22:36,Heat Ex Comp,1
560,08/28/21,23:26:05,Heat Ex Comp,0
561,08/28/21,23:28:19,Conductivity Pump,1
562,08/28/21,23:28:28,Conductivity Pump,0
563,08/28/21,23:30:29,Conductivity Pump,1
564,08/28/21,23:30:39,Conductivity Pump,0
565,08/28/21,23:32:38,Conductivity Pump,1
566,08/28/21,23:32:48,Conductivity Pump,0
567,08/28/21,23:33:57,Cooling,1
568,08/28/21,23:36:05,Heat Ex Comp,1
569,08/28/21,23:39:34,Heat Ex Comp,0
570,08/28/21,23:47:48,Cooling,1
571,08/28/21,23:49:34,Heat Ex Comp,1
572,08/28/21,23:53:05,Heat Ex Comp,0
573,08/26/21,22:33:29,Cooling,1
574,08/26/21,22:35:40,Heat Ex Comp,1
575,08/26/21,22:38:58,Heat Ex Comp,0
576,08/26/21,22:46:04,Cooling,1
577,08/26/21,22:48:58,Heat Ex Comp,1
578,08/26/21,22:52:35,Heat Ex Comp,0
579,08/26/21,22:52:39,Conductivity Pump,1
580,08/26/21,22:52:49,Conductivity Pump,0
581,08/26/21,22:53:42,Effulent Coil,0
582,08/26/21,22:54:49,Conductivity Pump,1
583,08/26/21,22:54:59,Conductivity Pump,0
584,08/26/21,22:56:59,Conductivity Pump,1
585,08/26/21,22:57:09,Conductivity Pump,0
586,08/26/21,23:00:43,Cooling,1
587,08/26/21,23:02:35,Heat Ex Comp,1
588,08/26/21,23:06:06,Heat Ex Comp,0
589,08/26/21,23:13:54,Cooling,1
590,08/26/21,23:16:06,Heat Ex Comp,1
591,08/26/21,23:19:36,Heat Ex Comp,0
592,08/26/21,23:27:23,Cooling,1
593,08/26/21,23:29:36,Heat Ex Comp,1
594,08/26/21,23:33:00,Heat Ex Comp,0
595,08/26/21,23:41:19,Cooling,1
596,08/26/21,23:43:00,Heat Ex Comp,1
597,08/26/21,23:46:26,Heat Ex Comp,0
598,08/26/21,23:54:29,Cooling,1
599,08/26/21,23:56:26,Heat Ex Comp,1
600,08/26/21,23:59:57,Heat Ex Comp,0
601,08/27/21,00:06:01,Effulent Coil,1
602,08/27/21,00:08:10,Cooling,1
603,08/27/21,00:09:58,Heat Ex Comp,1
604,08/27/21,00:13:26,Heat Ex Comp,0
605,08/27/21,00:21:29,Cooling,1
606,08/27/21,00:23:25,Heat Ex Comp,1
607,08/27/21,00:26:54,Heat Ex Comp,0
608,08/27/21,00:33:43,Effulent Coil,0
609,08/27/21,00:34:52,Cooling,1
610,08/27/21,00:36:55,Heat Ex Comp,1
611,08/27/21,00:40:20,Heat Ex Comp,0
612,08/27/21,00:48:00,Cooling,1
613,08/27/21,00:50:20,Heat Ex Comp,1
614,08/27/21,00:53:49,Heat Ex Comp,0
615,08/27/21,01:01:32,Cooling,1
616,08/27/21,01:03:49,Heat Ex Comp,1
617,08/27/21,01:07:23,Heat Ex Comp,0
618,08/27/21,01:15:08,Cooling,1
619,08/27/21,01:17:22,Heat Ex Comp,1
620,08/27/21,01:20:46,Heat Ex Comp,0
621,08/27/21,01:28:15,Cooling,1
622,08/27/21,01:30:47,Heat Ex Comp,1
623,08/27/21,01:34:31,Heat Ex Comp,0
624,08/27/21,01:42:01,Cooling,1
625,08/27/21,01:44:32,Heat Ex Comp,1
626,08/27/21,01:46:02,Effulent Coil,1
627,08/27/21,01:48:15,Heat Ex Comp,0
628,08/27/21,01:54:26,Cooling,1
629,08/27/21,01:58:16,Heat Ex Comp,1
630,08/27/21,02:02:21,Heat Ex Comp,0
631,08/27/21,02:03:55,Conductivity Pump,1
632,08/27/21,02:04:05,Conductivity Pump,0
633,08/27/21,02:06:05,Conductivity Pump,1
634,08/27/21,02:06:15,Conductivity Pump,0
635,08/27/21,02:08:15,Conductivity Pump,1
636,08/27/21,02:08:25,Conductivity Pump,0
637,08/27/21,02:08:34,Cooling,1
638,08/27/21,02:12:21,Heat Ex Comp,1
639,08/27/21,02:13:44,Effulent Coil,0
640,08/27/21,02:16:34,Heat Ex Comp,0
641,08/27/21,02:23:18,Cooling,1
642,08/27/21,02:26:34,Heat Ex Comp,1
643,08/27/21,02:30:39,Heat Ex Comp,0
644,08/27/21,02:37:40,Cooling,1
645,08/27/21,02:40:39,Heat Ex Comp,1
646,08/27/21,02:44:38,Heat Ex Comp,0
647,08/27/21,02:51:39,Cooling,1
648,08/27/21,02:54:38,Heat Ex Comp,1
649,08/27/21,02:58:32,Heat Ex Comp,0
650,08/27/21,03:05:29,Cooling,1
651,08/27/21,03:08:32,Heat Ex Comp,1
652,08/27/21,03:12:25,Heat Ex Comp,0
653,08/27/21,03:19:05,Cooling,1
654,08/27/21,03:22:25,Heat Ex Comp,1
655,08/27/21,03:26:01,Effulent Coil,1
656,08/27/21,03:26:14,Heat Ex Comp,0
657,08/27/21,03:31:18,Cooling,1
658,08/27/21,03:36:14,Heat Ex Comp,1
659,08/27/21,03:40:27,Heat Ex Comp,0
660,08/27/21,03:45:31,Cooling,1
661,08/27/21,03:50:27,Heat Ex Comp,1
662,08/27/21,03:53:44,Effulent Coil,0
663,08/27/21,03:54:46,Heat Ex Comp,0
664,08/27/21,04:01:07,Cooling,1
665,08/27/21,04:04:46,Heat Ex Comp,1
666,08/27/21,04:08:55,Heat Ex Comp,0
667,08/27/21,04:14:57,Cooling,1
668,08/27/21,04:18:55,Heat Ex Comp,1
669,08/27/21,04:22:46,Heat Ex Comp,0
670,08/27/21,04:29:58,Cooling,1
671,08/27/21,04:32:46,Heat Ex Comp,1
672,08/27/21,04:36:32,Heat Ex Comp,0
673,08/27/21,04:43:47,Cooling,1
674,08/27/21,04:46:32,Heat Ex Comp,1
675,08/27/21,04:50:14,Heat Ex Comp,0
676,08/27/21,04:57:31,Cooling,1
677,08/27/21,05:00:14,Heat Ex Comp,1
678,08/27/21,05:04:01,Heat Ex Comp,0
679,08/27/21,05:06:02,Effulent Coil,1
680,08/27/21,05:10:41,Cooling,1
681,08/27/21,05:14:01,Heat Ex Comp,1
682,08/27/21,05:17:53,Heat Ex Comp,0
683,08/27/21,05:18:16,Conductivity Pump,1
684,08/27/21,05:18:26,Conductivity Pump,0
685,08/27/21,05:20:26,Conductivity Pump,1
686,08/27/21,05:20:36,Conductivity Pump,0
687,08/27/21,05:22:36,Conductivity Pump,1
688,08/27/21,05:22:46,Conductivity Pump,0
689,08/27/21,05:24:28,Cooling,1
690,08/27/21,05:27:53,Heat Ex Comp,1
691,08/27/21,05:31:42,Heat Ex Comp,0
692,08/27/21,05:33:44,Effulent Coil,0
693,08/27/21,05:38:46,Cooling,1
694,08/27/21,05:41:42,Heat Ex Comp,1
695,08/27/21,05:45:24,Heat Ex Comp,0
696,08/27/21,05:52:21,Cooling,1
697,08/27/21,05:55:24,Heat Ex Comp,1
698,08/27/21,05:59:10,Heat Ex Comp,0
699,08/27/21,06:06:12,Cooling,1
700,08/27/21,06:09:10,Heat Ex Comp,1
701,08/27/21,06:12:51,Heat Ex Comp,0
702,08/27/21,06:20:13,Cooling,1
703,08/27/21,06:22:51,Heat Ex Comp,1
704,08/27/21,06:26:34,Heat Ex Comp,0
705,08/27/21,06:34:19,Cooling,1
706,08/27/21,06:36:34,Heat Ex Comp,1
707,08/27/21,06:40:09,Heat Ex Comp,0
708,08/27/21,06:46:02,Effulent Coil,1
709,08/27/21,06:47:39,Cooling,1
710,08/27/21,06:50:09,Heat Ex Comp,1
711,08/27/21,06:53:52,Heat Ex Comp,0
712,08/27/21,07:00:33,Cooling,1
713,08/27/21,07:03:52,Heat Ex Comp,1
714,08/27/21,07:07:44,Heat Ex Comp,0
715,08/27/21,07:09:38,Conductivity Pump,1
716,08/27/21,07:09:48,Conductivity Pump,0
717,08/27/21,07:11:48,Conductivity Pump,1
718,08/27/21,07:11:58,Conductivity Pump,0
719,08/27/21,07:13:44,Effulent Coil,0
720,08/27/21,07:14:16,Cooling,1
721,08/27/21,07:17:44,Heat Ex Comp,1
722,08/27/21,07:21:19,Heat Ex Comp,0
723,08/27/21,07:27:30,Cooling,1
724,08/27/21,07:31:19,Heat Ex Comp,1
725,08/27/21,07:34:50,Heat Ex Comp,0
726,08/27/21,07:41:09,Cooling,1
727,08/27/21,07:44:50,Heat Ex Comp,1
728,08/27/21,07:48:34,Heat Ex Comp,0
729,08/27/21,07:55:45,Cooling,1
730,08/27/21,07:58:34,Heat Ex Comp,1
731,08/27/21,08:02:24,Heat Ex Comp,0
732,08/27/21,08:09:43,Cooling,1
733,08/27/21,08:12:24,Heat Ex Comp,1
734,08/27/21,08:15:59,Heat Ex Comp,0
735,08/27/21,08:23:33,Cooling,1
736,08/27/21,08:25:58,Heat Ex Comp,1
737,08/27/21,08:26:02,Effulent Coil,1
738,08/27/21,08:29:33,Heat Ex Comp,0
739,08/27/21,08:35:48,Cooling,1
740,08/27/21,08:39:33,Heat Ex Comp,1
741,08/27/21,08:43:12,Heat Ex Comp,0
742,08/27/21,08:50:26,Cooling,1
743,08/27/21,08:53:12,Heat Ex Comp,1
744,08/27/21,08:53:44,Effulent Coil,0
745,08/27/21,08:56:46,Heat Ex Comp,0
746,08/27/21,09:04:23,Cooling,1
747,08/27/21,09:06:46,Heat Ex Comp,1
748,08/27/21,09:10:14,Heat Ex Comp,0
749,08/27/21,09:18:06,Cooling,1
750,08/27/21,09:20:13,Heat Ex Comp,1
751,08/27/21,09:23:35,Heat Ex Comp,0
752,08/27/21,09:31:30,Cooling,1
753,08/27/21,09:33:35,Heat Ex Comp,1
754,08/27/21,09:37:00,Heat Ex Comp,0
755,08/27/21,09:38:15,Conductivity Pump,1
756,08/27/21,09:38:24,Conductivity Pump,0
757,08/27/21,09:44:27,Cooling,1
758,08/27/21,09:47:00,Heat Ex Comp,1
759,08/27/21,10:02:19,pH Pump,1
760,08/27/21,10:02:49,pH Pump,0
761,08/27/21,10:06:02,Effulent Coil,1
762,08/27/21,10:06:20,pH Pump,1
763,08/27/21,10:06:50,pH Pump,0
764,08/27/21,10:07:33,Heat Ex Comp,0
765,08/27/21,10:09:16,Heating,1
766,08/27/21,10:10:30,pH Pump,1
767,08/27/21,10:11:00,pH Pump,0
768,08/27/21,10:14:40,pH Pump,1
769,08/27/21,10:15:10,pH Pump,0
770,08/27/21,10:17:33,Heat Ex Comp,1
771,08/27/21,10:18:50,pH Pump,1
772,08/27/21,10:19:20,pH Pump,0
773,08/27/21,10:28:13,Heat Ex Comp,0
774,08/27/21,10:30:03,Cooling,1
775,08/27/21,10:33:44,Effulent Coil,0
776,08/27/21,10:38:13,Heat Ex Comp,1
777,08/27/21,10:39:06,Water Pump,0
778,08/27/21,10:39:06,Heat Pump,0
779,08/27/21,10:39:06,UV Coil,0
780,08/27/21,10:39:06,Heat Ex Comp,0
781,08/27/21,10:39:17,Heat Pump,1
782,08/27/21,10:39:17,UV Coil,1
783,08/27/21,10:39:22,Water Pump,1
784,08/27/21,10:41:48,Conductivity Pump,1
785,08/27/21,10:41:57,Conductivity Pump,0
786,08/27/21,10:43:58,Conductivity Pump,1
787,08/27/21,10:44:07,Conductivity Pump,0
788,08/27/21,10:46:08,Conductivity Pump,1
789,08/27/21,10:46:17,Conductivity Pump,0
790,08/27/21,10:48:17,Conductivity Pump,1
791,08/27/21,10:48:27,Conductivity Pump,0
792,08/27/21,10:49:06,Heat Ex Comp,1
793,08/27/21,10:50:27,Conductivity Pump,1
794,08/27/21,10:50:37,Conductivity Pump,0
795,08/27/21,10:52:37,Conductivity Pump,1
796,08/27/21,10:52:47,Conductivity Pump,0
797,08/27/21,10:54:44,pH Pump,1
798,08/27/21,10:55:15,pH Pump,0
799,08/27/21,10:56:18,Heat Ex Comp,0
800,08/27/21,10:57:12,pH Pump,1
801,08/27/21,10:57:42,pH Pump,0
802,08/27/21,11:00:54,Cooling,1
803,08/27/21,11:01:22,pH Pump,1
804,08/27/21,11:01:52,pH Pump,0
805,08/27/21,11:05:32,pH Pump,1
806,08/27/21,11:06:02,pH Pump,0
807,08/27/21,11:06:17,Heat Ex Comp,1
808,08/27/21,11:09:42,pH Pump,1
809,08/27/21,11:10:12,pH Pump,0
810,08/27/21,11:10:55,Heat Ex Comp,0
811,08/27/21,11:13:52,pH Pump,1
812,08/27/21,11:14:22,pH Pump,0
813,08/27/21,11:16:36,Cooling,1
814,08/27/21,11:18:02,pH Pump,1
815,08/27/21,11:18:32,pH Pump,0
816,08/27/21,11:20:55,Heat Ex Comp,1
817,08/27/21,11:22:12,pH Pump,1
818,08/27/21,11:22:42,pH Pump,0
819,08/27/21,11:24:59,Heat Ex Comp,0
820,08/27/21,11:26:22,pH Pump,1
821,08/27/21,11:26:52,pH Pump,0
822,08/27/21,11:30:32,pH Pump,1
823,08/27/21,11:31:02,pH Pump,0
824,08/27/21,11:31:18,Cooling,1
825,08/27/21,11:34:42,pH Pump,1
826,08/27/21,11:34:59,Heat Ex Comp,1
827,08/27/21,11:35:12,pH Pump,0
828,08/27/21,11:38:52,pH Pump,1
829,08/27/21,11:38:55,Heat Ex Comp,0
830,08/27/21,11:39:22,pH Pump,0
831,08/27/21,11:46:03,Effulent Coil,1
832,08/27/21,11:46:09,Cooling,1
833,08/27/21,11:48:55,Heat Ex Comp,1
834,08/27/21,12:03:09,Heat Ex Comp,0
835,08/27/21,12:06:28,Heating,1
836,08/27/21,12:13:09,Heat Ex Comp,1
837,08/27/21,12:13:44,Effulent Coil,0
838,08/27/21,12:21:52,Heat Ex Comp,0
839,08/27/21,12:24:21,Cooling,1
840,08/27/21,12:29:13,pH Pump,1
841,08/27/21,12:29:43,pH Pump,0
842,08/27/21,12:31:52,Heat Ex Comp,1
843,08/27/21,12:33:23,pH Pump,1
844,08/27/21,12:33:53,pH Pump,0
845,08/27/21,12:37:33,pH Pump,1
846,08/27/21,12:38:03,pH Pump,0
847,08/27/21,12:41:43,pH Pump,1
848,08/27/21,12:42:13,pH Pump,0
849,08/27/21,12:44:31,Heat Ex Comp,0
850,08/27/21,12:44:47,Heating,1
851,08/27/21,12:45:53,pH Pump,1
852,08/27/21,12:46:04,Conductivity Pump,1
853,08/27/21,12:46:13,Conductivity Pump,0
854,08/27/21,12:46:23,pH Pump,0
855,08/27/21,12:47:02,Water Pump,0
856,08/27/21,12:47:02,Heat Pump,0
857,08/27/21,12:47:02,UV Coil,0
858,08/27/21,12:47:15,Heat Pump,1
859,08/27/21,12:47:15,UV Coil,1
860,08/27/21,12:47:20,Water Pump,1
861,08/27/21,12:48:20,Conductivity Pump,1
862,08/27/21,12:48:30,Conductivity Pump,0
863,08/27/21,12:50:24,Conductivity Pump,1
864,08/27/21,12:50:33,Conductivity Pump,0
865,08/27/21,12:52:34,Conductivity Pump,1
866,08/27/21,12:52:43,Conductivity Pump,0
867,08/27/21,12:54:44,Conductivity Pump,1
868,08/27/21,12:54:54,Conductivity Pump,0
869,08/27/21,12:56:46,Heat Ex Comp,1
870,08/27/21,12:56:46,Cooling,1
871,08/27/21,12:59:53,Heat Ex Comp,0
872,08/27/21,13:10:13,Heat Ex Comp,1
873,08/27/21,13:10:13,Cooling,1
874,08/27/21,13:13:23,Heat Ex Comp,0
875,08/27/21,13:21:44,Cooling,1
876,08/27/21,13:23:23,Heat Ex Comp,1
877,08/27/21,13:26:02,Effulent Coil,1
878,08/27/21,13:26:40,Heat Ex Comp,0
879,08/27/21,13:33:23,Cooling,1
880,08/27/21,13:36:40,Heat Ex Comp,1
881,08/27/21,13:40:04,Heat Ex Comp,0
882,08/27/21,13:47:55,Cooling,1
883,08/27/21,13:50:04,Heat Ex Comp,1
884,08/27/21,13:53:38,Heat Ex Comp,0
885,08/27/21,13:53:45,Effulent Coil,0
886,08/27/21,13:55:38,Effulent Coil,1
887,08/27/21,13:57:39,Effulent Coil,0
888,08/27/21,14:01:13,Cooling,1
889,08/27/21,14:03:38,Heat Ex Comp,1
890,08/27/21,14:07:14,Heat Ex Comp,0
891,08/27/21,14:15:11,Cooling,1
892,08/27/21,14:17:14,Heat Ex Comp,1
893,08/27/21,14:20:48,Heat Ex Comp,0
894,08/27/21,14:28:57,Cooling,1
895,08/27/21,14:30:48,Heat Ex Comp,1
896,08/27/21,14:34:21,Heat Ex Comp,0
897,08/27/21,14:42:40,Cooling,1
898,08/27/21,14:44:21,Heat Ex Comp,1
899,08/27/21,15:01:40,pH Pump,1
900,08/27/21,15:02:10,pH Pump,0
901,08/27/21,15:05:17,pH Pump,1
902,08/27/21,15:05:23,Heat Ex Comp,0
903,08/27/21,15:05:47,pH Pump,0
904,08/27/21,15:06:03,Effulent Coil,1
905,08/27/21,15:07:37,Heating,1
906,08/27/21,15:09:27,pH Pump,1
907,08/27/21,15:09:57,pH Pump,0
908,08/27/21,15:13:37,pH Pump,1
909,08/27/21,15:14:07,pH Pump,0
910,08/27/21,15:15:23,Heat Ex Comp,1
911,08/27/21,15:25:42,Heat Ex Comp,0
912,08/27/21,15:27:31,Cooling,1
913,08/27/21,15:33:45,Effulent Coil,0
914,08/27/21,15:35:42,Heat Ex Comp,1
915,08/27/21,15:40:27,Conductivity Pump,1
916,08/27/21,15:40:37,Conductivity Pump,0
917,08/27/21,15:42:09,Heat Ex Comp,0
918,08/27/21,15:42:37,Conductivity Pump,1
919,08/27/21,15:42:47,Conductivity Pump,0
920,08/27/21,15:43:11,Water Pump,0
921,08/27/21,15:43:11,Heat Pump,0
922,08/27/21,15:43:11,UV Coil,0
923,08/27/21,15:43:26,Heat Pump,1
924,08/27/21,15:43:26,UV Coil,1
925,08/27/21,15:43:31,Water Pump,1
926,08/27/21,15:44:47,Conductivity Pump,1
927,08/27/21,15:44:57,Conductivity Pump,0
928,08/27/21,15:46:57,Conductivity Pump,1
929,08/27/21,15:47:01,Cooling,1
930,08/27/21,15:47:07,Conductivity Pump,0
931,08/27/21,15:49:07,Conductivity Pump,1
932,08/27/21,15:49:17,Conductivity Pump,0
933,08/27/21,15:51:17,Conductivity Pump,1
934,08/27/21,15:51:27,Conductivity Pump,0
935,08/27/21,15:52:09,Heat Ex Comp,1
936,08/27/21,15:53:27,Conductivity Pump,1
937,08/27/21,15:53:37,Conductivity Pump,0
938,08/27/21,15:55:37,Conductivity Pump,1
939,08/27/21,15:55:47,Conductivity Pump,0
940,08/27/21,15:56:32,Heat Ex Comp,0
941,08/27/21,15:57:47,Conductivity Pump,1
942,08/27/21,15:57:57,Conductivity Pump,0
943,08/27/21,16:02:48,Cooling,1
944,08/27/21,16:06:32,Heat Ex Comp,1
945,08/27/21,16:07:12,pH Pump,1
946,08/27/21,16:07:42,pH Pump,0
947,08/27/21,16:10:34,Heat Ex Comp,0
948,08/27/21,16:11:07,pH Pump,1
949,08/27/21,16:11:36,pH Pump,0
950,08/27/21,16:15:17,pH Pump,1
951,08/27/21,16:15:46,pH Pump,0
952,08/27/21,16:17:28,Cooling,1
953,08/27/21,16:19:27,pH Pump,1
954,08/27/21,16:19:57,pH Pump,0
955,08/27/21,16:20:34,Heat Ex Comp,1
956,08/27/21,16:23:36,pH Pump,1
957,08/27/21,16:24:07,pH Pump,0
958,08/27/21,16:24:29,Heat Ex Comp,0
959,08/27/21,16:27:46,pH Pump,1
960,08/27/21,16:28:16,pH Pump,0
961,08/27/21,16:32:10,Cooling,1
962,08/27/21,16:34:29,Heat Ex Comp,1
963,08/27/21,16:38:10,Heat Ex Comp,0
964,08/27/21,16:45:57,Cooling,1
965,08/27/21,16:46:03,Effulent Coil,1
966,08/27/21,16:48:10,Heat Ex Comp,1
967,08/27/21,16:52:03,Heat Ex Comp,0
968,08/27/21,16:59:18,Cooling,1
969,08/27/21,17:02:03,Heat Ex Comp,1
970,08/27/21,17:05:43,Heat Ex Comp,0
971,08/27/21,17:12:31,Cooling,1
972,08/27/21,17:13:45,Effulent Coil,0
973,08/27/21,17:15:43,Heat Ex Comp,1
974,08/27/21,17:19:37,Heat Ex Comp,0
975,08/27/21,17:27:03,Cooling,1
976,08/27/21,17:29:37,Heat Ex Comp,1
977,08/27/21,17:33:28,Heat Ex Comp,0
978,08/27/21,17:41:09,Cooling,1
979,08/27/21,17:43:28,Heat Ex Comp,1
980,08/27/21,17:47:11,Heat Ex Comp,0
981,08/27/21,17:54:46,Cooling,1
982,08/27/21,17:57:11,Heat Ex Comp,1
983,08/27/21,18:00:56,Heat Ex Comp,0
984,08/27/21,18:08:25,Cooling,1
985,08/27/21,18:10:56,Heat Ex Comp,1
986,08/27/21,18:14:44,Heat Ex Comp,0
987,08/27/21,18:22:32,Cooling,1
988,08/27/21,18:24:44,Heat Ex Comp,1
989,08/27/21,18:26:03,Effulent Coil,1
990,08/27/21,18:28:27,Heat Ex Comp,0
991,08/27/21,18:34:43,Cooling,1
992,08/27/21,18:38:27,Heat Ex Comp,1
993,08/27/21,18:42:28,Heat Ex Comp,0
994,08/27/21,18:48:57,Cooling,1
995,08/27/21,18:52:28,Heat Ex Comp,1
996,08/27/21,18:53:45,Effulent Coil,0
997,08/27/21,18:56:36,Heat Ex Comp,0
998,08/27/21,19:03:47,Cooling,1
999,08/27/21,19:06:36,Heat Ex Comp,1
