Rack_Number,Date_E,Time_E,Device_E,State_E
Rack 12,11/29/2021,18:13:22,Heat Ex Comp,0
Rack 12,11/29/2021,18:14:46,Conductivity Pump,1
Rack 12,11/29/2021,18:14:56,Conductivity Pump,0
Rack 12,11/29/2021,18:25:52,Heat Ex Comp,1
Rack 12,11/29/2021,18:25:52,Cooling,1
Rack 12,11/29/2021,18:29:02,Heat Ex Comp,0
Rack 12,11/29/2021,18:39:19,Heat Ex Comp,1
Rack 12,11/29/2021,18:39:19,Cooling,1
Rack 12,11/29/2021,18:42:31,Heat Ex Comp,0
Rack 12,11/29/2021,18:54:59,Heat Ex Comp,1
Rack 12,11/29/2021,18:54:59,Cooling,1
Rack 12,11/29/2021,18:58:09,Heat Ex Comp,0
Rack 12,11/29/2021,19:16:26,Heat Ex Comp,1
Rack 12,11/29/2021,19:16:26,Cooling,1
Rack 12,11/29/2021,19:19:36,Heat Ex Comp,0
Rack 12,11/29/2021,19:32:28,Heat Ex Comp,1
Rack 12,11/29/2021,19:32:28,Cooling,1
Rack 12,11/29/2021,19:34:18,pH Pump,1
Rack 12,11/29/2021,19:34:38,pH Pump,0
Rack 12,11/29/2021,19:35:45,Heat Ex Comp,0
Rack 12,11/29/2021,19:37:42,pH Pump,1
Rack 12,11/29/2021,19:38:02,pH Pump,0
Rack 12,11/29/2021,19:41:43,pH Pump,1
Rack 12,11/29/2021,19:41:59,Effulent Coil,1
Rack 12,11/29/2021,19:42:02,pH Pump,0
Rack 12,11/29/2021,19:44:20,Cooling,1
Rack 12,11/29/2021,19:45:43,pH Pump,1
Rack 12,11/29/2021,19:45:45,Heat Ex Comp,1
Rack 12,11/29/2021,19:46:02,pH Pump,0
Rack 12,11/29/2021,19:48:57,Heat Ex Comp,0
Rack 12,11/29/2021,19:49:42,pH Pump,1
Rack 12,11/29/2021,19:50:03,pH Pump,0
Rack 12,11/29/2021,19:50:35,Effulent Coil,0
Rack 12,11/29/2021,19:53:43,pH Pump,1
Rack 12,11/29/2021,19:54:02,pH Pump,0
Rack 12,11/29/2021,19:57:43,pH Pump,1
Rack 12,11/29/2021,19:58:02,pH Pump,0
Rack 12,11/29/2021,20:08:00,Heat Ex Comp,1
Rack 12,11/29/2021,20:08:00,Cooling,1
Rack 12,11/29/2021,20:11:02,Heat Ex Comp,0
Rack 12,11/29/2021,20:22:55,Heat Ex Comp,1
Rack 12,11/29/2021,20:22:55,Cooling,1
Rack 12,11/29/2021,20:26:07,Heat Ex Comp,0
Rack 12,11/29/2021,20:37:59,Heat Ex Comp,1
Rack 12,11/29/2021,20:37:59,Cooling,1
Rack 12,11/29/2021,20:41:12,Heat Ex Comp,0
Rack 12,11/29/2021,20:51:24,Heat Ex Comp,1
Rack 12,11/29/2021,20:51:24,Cooling,1
Rack 12,11/29/2021,20:54:32,Heat Ex Comp,0
Rack 12,11/29/2021,21:14:03,Heat Ex Comp,1
Rack 12,11/29/2021,21:14:03,Cooling,1
Rack 12,11/29/2021,21:17:09,Heat Ex Comp,0
Rack 12,11/29/2021,21:21:59,Effulent Coil,1
Rack 12,11/29/2021,21:28:49,Heat Ex Comp,1
Rack 12,11/29/2021,21:28:49,Cooling,1
Rack 12,11/29/2021,21:30:35,Effulent Coil,0
Rack 12,11/29/2021,21:31:43,Heat Ex Comp,0
Rack 12,11/29/2021,21:44:51,Heat Ex Comp,1
Rack 12,11/29/2021,21:44:51,Cooling,1
Rack 12,11/29/2021,21:47:52,Heat Ex Comp,0
Rack 12,11/29/2021,21:58:24,Heat Ex Comp,1
Rack 12,11/29/2021,21:58:24,Cooling,1
Rack 12,11/29/2021,22:00:56,Heat Ex Comp,0
Rack 12,11/29/2021,22:10:52,pH Pump,1
Rack 12,11/29/2021,22:11:12,pH Pump,0
Rack 12,11/29/2021,22:14:03,pH Pump,1
Rack 12,11/29/2021,22:14:23,pH Pump,0
Rack 12,11/29/2021,22:18:03,pH Pump,1
Rack 12,11/29/2021,22:18:23,pH Pump,0
Rack 12,11/29/2021,22:20:05,Heat Ex Comp,1
Rack 12,11/29/2021,22:20:05,Cooling,1
Rack 12,11/29/2021,22:22:03,pH Pump,1
Rack 12,11/29/2021,22:22:23,pH Pump,0
Rack 12,11/29/2021,22:23:23,Heat Ex Comp,0
Rack 12,11/29/2021,22:26:03,pH Pump,1
Rack 12,11/29/2021,22:26:23,pH Pump,0
Rack 12,11/29/2021,22:30:03,pH Pump,1
Rack 12,11/29/2021,22:30:23,pH Pump,0
Rack 12,11/29/2021,22:34:03,pH Pump,1
Rack 12,11/29/2021,22:34:23,pH Pump,0
Rack 12,11/29/2021,22:35:16,Heat Ex Comp,1
Rack 12,11/29/2021,22:35:16,Cooling,1
Rack 12,11/29/2021,22:38:29,Heat Ex Comp,0
Rack 12,11/29/2021,22:51:18,Heat Ex Comp,1
Rack 12,11/29/2021,22:51:18,Cooling,1
Rack 12,11/29/2021,22:54:30,Heat Ex Comp,0
Rack 12,11/29/2021,23:01:59,Effulent Coil,1
Rack 12,11/29/2021,23:10:35,Effulent Coil,0
Rack 12,11/29/2021,23:16:03,Heat Ex Comp,1
Rack 12,11/29/2021,23:16:03,Cooling,1
Rack 12,11/29/2021,23:19:16,Heat Ex Comp,0
Rack 12,11/29/2021,23:30:41,Heat Ex Comp,1
Rack 12,11/29/2021,23:30:41,Cooling,1
Rack 12,11/29/2021,23:33:56,Heat Ex Comp,0
Rack 12,11/29/2021,23:47:01,Heat Ex Comp,1
Rack 12,11/29/2021,23:47:01,Cooling,1
Rack 12,11/29/2021,23:50:16,Heat Ex Comp,0
Rack 12,11/30/2021,0:09:06,Heat Ex Comp,1
Rack 12,11/30/2021,0:09:06,Cooling,1
Rack 12,11/30/2021,0:12:13,Heat Ex Comp,0
Rack 12,11/30/2021,0:25:49,Heat Ex Comp,1
Rack 12,11/30/2021,0:25:49,Cooling,1
Rack 12,11/30/2021,0:28:53,Heat Ex Comp,0
Rack 12,11/30/2021,0:39:25,Heat Ex Comp,1
Rack 12,11/30/2021,0:39:25,Cooling,1
Rack 12,11/30/2021,0:42:01,Effulent Coil,1
Rack 12,11/30/2021,0:42:33,Heat Ex Comp,0
Rack 12,11/30/2021,0:50:37,Effulent Coil,0
Rack 12,11/30/2021,0:56:23,Heat Ex Comp,1
Rack 12,11/30/2021,0:56:23,Cooling,1
Rack 12,11/30/2021,0:59:37,Heat Ex Comp,0
Rack 12,11/30/2021,1:16:26,Heat Ex Comp,1
Rack 12,11/30/2021,1:16:26,Cooling,1
Rack 12,11/30/2021,1:19:26,Heat Ex Comp,0
Rack 12,11/30/2021,1:33:03,Heat Ex Comp,1
Rack 12,11/30/2021,1:33:03,Cooling,1
Rack 12,11/30/2021,1:36:12,Heat Ex Comp,0
Rack 12,11/30/2021,1:47:04,Heat Ex Comp,1
Rack 12,11/30/2021,1:47:04,Cooling,1
Rack 12,11/30/2021,1:50:07,Heat Ex Comp,0
Rack 12,11/30/2021,2:09:49,Heat Ex Comp,1
Rack 12,11/30/2021,2:09:49,Cooling,1
Rack 12,11/30/2021,2:12:44,Heat Ex Comp,0
Rack 12,11/30/2021,2:22:01,Effulent Coil,1
Rack 12,11/30/2021,2:25:26,Heat Ex Comp,1
Rack 12,11/30/2021,2:25:26,Cooling,1
Rack 12,11/30/2021,2:28:05,Heat Ex Comp,0
Rack 12,11/30/2021,2:30:37,Effulent Coil,0
Rack 12,11/30/2021,2:43:23,Heat Ex Comp,1
Rack 12,11/30/2021,2:43:23,Cooling,1
Rack 12,11/30/2021,2:46:22,Heat Ex Comp,0
Rack 12,11/30/2021,2:57:40,Heat Ex Comp,1
Rack 12,11/30/2021,2:57:40,Cooling,1
Rack 12,11/30/2021,3:00:02,Heat Ex Comp,0
Rack 12,11/30/2021,3:19:29,Heat Ex Comp,1
Rack 12,11/30/2021,3:19:29,Cooling,1
Rack 12,11/30/2021,3:22:29,Heat Ex Comp,0
Rack 12,11/30/2021,3:35:22,Heat Ex Comp,1
Rack 12,11/30/2021,3:35:22,Cooling,1
Rack 12,11/30/2021,3:38:10,Heat Ex Comp,0
Rack 12,11/30/2021,3:51:51,Heat Ex Comp,1
Rack 12,11/30/2021,3:51:51,Cooling,1
Rack 12,11/30/2021,3:54:44,Heat Ex Comp,0
Rack 12,11/30/2021,4:02:02,Effulent Coil,1
Rack 12,11/30/2021,4:10:37,Effulent Coil,0
Rack 12,11/30/2021,4:20:40,Heat Ex Comp,1
Rack 12,11/30/2021,4:20:40,Cooling,1
Rack 12,11/30/2021,4:23:36,Heat Ex Comp,0
Rack 12,11/30/2021,4:38:44,Heat Ex Comp,1
Rack 12,11/30/2021,4:38:44,Cooling,1
Rack 12,11/30/2021,4:41:39,Heat Ex Comp,0
Rack 12,11/30/2021,4:55:48,Heat Ex Comp,1
Rack 12,11/30/2021,4:55:48,Cooling,1
Rack 12,11/30/2021,4:58:50,Heat Ex Comp,0
Rack 12,11/30/2021,5:22:49,Heat Ex Comp,1
Rack 12,11/30/2021,5:22:49,Cooling,1
Rack 12,11/30/2021,5:25:51,Heat Ex Comp,0
Rack 12,11/30/2021,5:39:48,Heat Ex Comp,1
Rack 12,11/30/2021,5:39:48,Cooling,1
Rack 12,11/30/2021,5:42:02,Effulent Coil,1
Rack 12,11/30/2021,5:42:43,Heat Ex Comp,0
Rack 12,11/30/2021,5:50:38,Effulent Coil,0
Rack 12,11/30/2021,5:59:47,Heat Ex Comp,1
Rack 12,11/30/2021,5:59:47,Cooling,1
Rack 12,11/30/2021,6:02:10,Heat Ex Comp,0
Rack 12,11/30/2021,6:02:30,Conductivity Pump,1
Rack 12,11/30/2021,6:02:40,Conductivity Pump,0
Rack 12,11/30/2021,6:04:40,Conductivity Pump,1
Rack 12,11/30/2021,6:04:50,Conductivity Pump,0
Rack 12,11/30/2021,6:24:33,Heat Ex Comp,1
Rack 12,11/30/2021,6:24:33,Cooling,1
Rack 12,11/30/2021,6:27:32,Heat Ex Comp,0
Rack 12,11/30/2021,6:41:39,Heat Ex Comp,1
Rack 12,11/30/2021,6:41:39,Cooling,1
Rack 12,11/30/2021,6:44:38,Heat Ex Comp,0
Rack 12,11/30/2021,7:10:08,Heat Ex Comp,1
Rack 12,11/30/2021,7:10:08,Cooling,1
Rack 12,11/30/2021,7:13:09,Heat Ex Comp,0
Rack 12,11/30/2021,7:22:02,Effulent Coil,1
Rack 12,11/30/2021,7:30:38,Effulent Coil,0
Rack 12,11/30/2021,7:34:00,Heat Ex Comp,1
Rack 12,11/30/2021,7:34:00,Cooling,1
Rack 12,11/30/2021,7:37:03,Heat Ex Comp,0
Rack 12,11/30/2021,7:47:48,Heat Ex Comp,1
Rack 12,11/30/2021,7:47:48,Cooling,1
Rack 12,11/30/2021,7:50:48,Heat Ex Comp,0
Rack 12,11/30/2021,8:15:48,Heat Ex Comp,1
Rack 12,11/30/2021,8:15:48,Cooling,1
Rack 12,11/30/2021,8:18:53,Heat Ex Comp,0
Rack 12,11/30/2021,8:32:05,Heat Ex Comp,1
Rack 12,11/30/2021,8:32:05,Cooling,1
Rack 12,11/30/2021,8:35:20,Heat Ex Comp,0
Rack 12,11/30/2021,8:46:38,Heat Ex Comp,1
Rack 12,11/30/2021,8:46:38,Cooling,1
Rack 12,11/30/2021,8:49:48,Heat Ex Comp,0
Rack 12,11/30/2021,9:02:02,Effulent Coil,1
Rack 12,11/30/2021,9:10:38,Effulent Coil,0
Rack 12,11/30/2021,9:20:20,Heat Ex Comp,1
Rack 12,11/30/2021,9:20:20,Cooling,1
Rack 12,11/30/2021,9:23:13,Heat Ex Comp,0
Rack 12,11/30/2021,9:39:30,Heat Ex Comp,1
Rack 12,11/30/2021,9:39:30,Cooling,1
Rack 12,11/30/2021,9:42:23,Heat Ex Comp,0
Rack 12,11/30/2021,9:43:32,Conductivity Pump,1
Rack 12,11/30/2021,9:43:42,Conductivity Pump,0
Rack 12,11/30/2021,9:44:43,Conductivity Pump,1
Rack 12,11/30/2021,9:44:53,Conductivity Pump,0
Rack 12,11/30/2021,9:54:58,Heat Ex Comp,1
Rack 12,11/30/2021,9:54:58,Cooling,1
Rack 12,11/30/2021,9:57:51,Heat Ex Comp,0
Rack 12,11/30/2021,10:13:06,Heat Ex Comp,1
Rack 12,11/30/2021,10:13:06,Cooling,1
Rack 12,11/30/2021,10:23:24,Heat Ex Comp,0
Rack 12,11/30/2021,10:26:39,Heating,1
Rack 12,11/30/2021,10:33:24,Heat Ex Comp,1
Rack 12,11/30/2021,10:40:27,Heat Ex Comp,0
Rack 12,11/30/2021,10:42:02,Effulent Coil,1
Rack 12,11/30/2021,10:42:54,Cooling,1
Rack 12,11/30/2021,10:50:27,Heat Ex Comp,1
Rack 12,11/30/2021,10:50:38,Effulent Coil,0
Rack 12,11/30/2021,10:55:08,Heat Ex Comp,0
Rack 12,11/30/2021,10:55:27,Conductivity Pump,1
Rack 12,11/30/2021,10:55:37,Conductivity Pump,0
Rack 12,11/30/2021,10:57:20,Conductivity Pump,1
Rack 12,11/30/2021,10:57:29,Conductivity Pump,0
Rack 12,11/30/2021,11:00:03,Heating,1
Rack 12,11/30/2021,11:05:08,Heat Ex Comp,1
Rack 12,11/30/2021,11:17:32,Heat Ex Comp,0
Rack 12,11/30/2021,12:22:02,Effulent Coil,1
Rack 12,11/30/2021,12:30:38,Effulent Coil,0
Rack 12,11/30/2021,13:23:18,Heat Ex Comp,1
Rack 12,11/30/2021,13:23:18,Cooling,1
Rack 12,11/30/2021,13:26:04,Heat Ex Comp,0
Rack 12,11/30/2021,13:52:04,Heat Ex Comp,1
Rack 12,11/30/2021,13:52:04,Cooling,1
Rack 12,11/30/2021,13:54:57,Heat Ex Comp,0
Rack 12,11/30/2021,14:02:03,Effulent Coil,1
Rack 12,11/30/2021,14:10:39,Effulent Coil,0
Rack 12,11/30/2021,14:24:44,Heat Ex Comp,1
Rack 12,11/30/2021,14:24:44,Cooling,1
Rack 12,11/30/2021,14:27:29,Heat Ex Comp,0
Rack 12,11/30/2021,14:49:28,Heat Ex Comp,1
Rack 12,11/30/2021,14:49:28,Cooling,1
Rack 12,11/30/2021,14:52:09,Heat Ex Comp,0
Rack 12,11/30/2021,15:00:33,Conductivity Pump,1
Rack 12,11/30/2021,15:00:43,Conductivity Pump,0
Rack 12,11/30/2021,15:14:10,Heat Ex Comp,1
Rack 12,11/30/2021,15:14:10,Cooling,1
Rack 12,11/30/2021,15:16:54,Heat Ex Comp,0
Rack 12,11/30/2021,15:37:20,Heat Ex Comp,1
Rack 12,11/30/2021,15:37:20,Cooling,1
Rack 12,11/30/2021,15:40:06,Heat Ex Comp,0
Rack 12,11/30/2021,15:42:03,Effulent Coil,1
Rack 12,11/30/2021,15:50:39,Effulent Coil,0
Rack 12,11/30/2021,16:08:12,Heat Ex Comp,1
Rack 12,11/30/2021,16:08:12,Cooling,1
Rack 12,11/30/2021,16:10:55,Heat Ex Comp,0
Rack 12,11/30/2021,16:37:07,Heat Ex Comp,1
Rack 12,11/30/2021,16:37:07,Cooling,1
Rack 12,11/30/2021,16:39:53,Heat Ex Comp,0
Rack 12,11/30/2021,17:00:56,Heat Ex Comp,1
Rack 12,11/30/2021,17:00:56,Cooling,1
Rack 12,11/30/2021,17:03:36,Heat Ex Comp,0
Rack 12,11/30/2021,17:22:03,Effulent Coil,1
Rack 12,11/30/2021,17:30:39,Effulent Coil,0
Rack 12,11/30/2021,17:37:41,Heat Ex Comp,1
Rack 12,11/30/2021,17:37:41,Cooling,1
Rack 12,11/30/2021,17:40:25,Heat Ex Comp,0
Rack 12,11/30/2021,18:00:03,Heat Ex Comp,1
Rack 12,11/30/2021,18:00:03,Cooling,1
Rack 12,11/30/2021,18:02:43,Heat Ex Comp,0
Rack 12,11/30/2021,18:25:26,Heat Ex Comp,1
Rack 12,11/30/2021,18:25:26,Cooling,1
Rack 12,11/30/2021,18:28:06,Heat Ex Comp,0
Rack 12,11/30/2021,18:53:47,Heat Ex Comp,1
Rack 12,11/30/2021,18:53:47,Cooling,1
Rack 12,11/30/2021,18:56:25,Heat Ex Comp,0
Rack 12,11/30/2021,19:02:03,Effulent Coil,1
Rack 12,11/30/2021,19:10:39,Effulent Coil,0
Rack 12,11/30/2021,19:28:58,Heat Ex Comp,1
Rack 12,11/30/2021,19:28:58,Cooling,1
Rack 12,11/30/2021,19:31:32,Heat Ex Comp,0
Rack 12,11/30/2021,19:54:35,Heat Ex Comp,1
Rack 12,11/30/2021,19:54:35,Cooling,1
Rack 12,11/30/2021,19:57:11,Heat Ex Comp,0
Rack 12,11/30/2021,20:23:45,Heat Ex Comp,1
Rack 12,11/30/2021,20:23:45,Cooling,1
Rack 12,11/30/2021,20:26:30,Heat Ex Comp,0
Rack 12,11/30/2021,20:42:03,Effulent Coil,1
Rack 12,11/30/2021,20:50:39,Effulent Coil,0
Rack 12,11/30/2021,20:51:00,Conductivity Pump,1
Rack 12,11/30/2021,20:51:10,Conductivity Pump,0
Rack 12,11/30/2021,20:53:10,Conductivity Pump,1
Rack 12,11/30/2021,20:53:20,Conductivity Pump,0
Rack 12,11/30/2021,21:02:13,Heat Ex Comp,1
Rack 12,11/30/2021,21:02:13,Cooling,1
Rack 12,11/30/2021,21:04:57,Heat Ex Comp,0
Rack 12,11/30/2021,21:30:45,Heat Ex Comp,1
Rack 12,11/30/2021,21:30:45,Cooling,1
Rack 12,11/30/2021,21:33:27,Heat Ex Comp,0
Rack 12,11/30/2021,21:51:29,Heat Ex Comp,1
Rack 12,11/30/2021,21:51:29,Cooling,1
Rack 12,11/30/2021,21:54:02,Heat Ex Comp,0
Rack 12,11/30/2021,22:20:20,Heat Ex Comp,1
Rack 12,11/30/2021,22:20:20,Cooling,1
Rack 12,11/30/2021,22:22:03,Effulent Coil,1
Rack 12,11/30/2021,22:23:03,Heat Ex Comp,0
Rack 12,11/30/2021,22:30:39,Effulent Coil,0
Rack 12,11/30/2021,22:54:08,Heat Ex Comp,1
Rack 12,11/30/2021,22:54:08,Cooling,1
Rack 12,11/30/2021,22:56:55,Heat Ex Comp,0
Rack 12,11/30/2021,23:19:16,Heat Ex Comp,1
Rack 12,11/30/2021,23:19:16,Cooling,1
Rack 12,11/30/2021,23:22:00,Heat Ex Comp,0
Rack 12,11/30/2021,23:43:14,Heat Ex Comp,1
Rack 12,11/30/2021,23:43:14,Cooling,1
Rack 12,11/30/2021,23:46:01,Heat Ex Comp,0
Rack 12,12/1/2021,0:02:05,Effulent Coil,1
Rack 12,12/1/2021,0:10:41,Effulent Coil,0
Rack 12,12/1/2021,0:16:49,Heat Ex Comp,1
Rack 12,12/1/2021,0:16:49,Cooling,1
Rack 12,12/1/2021,0:19:29,Heat Ex Comp,0
Rack 12,12/1/2021,0:21:09,Conductivity Pump,1
Rack 12,12/1/2021,0:21:18,Conductivity Pump,0
Rack 12,12/1/2021,0:22:20,Conductivity Pump,1
Rack 12,12/1/2021,0:22:30,Conductivity Pump,0
Rack 12,12/1/2021,0:38:03,Heat Ex Comp,1
Rack 12,12/1/2021,0:38:03,Cooling,1
Rack 12,12/1/2021,0:40:42,Heat Ex Comp,0
Rack 12,12/1/2021,1:05:21,Heat Ex Comp,1
Rack 12,12/1/2021,1:05:21,Cooling,1
Rack 12,12/1/2021,1:08:11,Heat Ex Comp,0
Rack 12,12/1/2021,1:31:42,Heat Ex Comp,1
Rack 12,12/1/2021,1:31:42,Cooling,1
Rack 12,12/1/2021,1:34:24,Heat Ex Comp,0
Rack 12,12/1/2021,1:42:05,Effulent Coil,1
Rack 12,12/1/2021,1:50:41,Effulent Coil,0
Rack 12,12/1/2021,2:01:03,Heat Ex Comp,1
Rack 12,12/1/2021,2:01:03,Cooling,1
Rack 12,12/1/2021,2:03:37,Heat Ex Comp,0
Rack 12,12/1/2021,2:26:23,Heat Ex Comp,1
Rack 12,12/1/2021,2:26:23,Cooling,1
Rack 12,12/1/2021,2:29:08,Heat Ex Comp,0
Rack 12,12/1/2021,2:49:13,Heat Ex Comp,1
Rack 12,12/1/2021,2:49:13,Cooling,1
Rack 12,12/1/2021,2:51:57,Heat Ex Comp,0
Rack 12,12/1/2021,3:15:48,Heat Ex Comp,1
Rack 12,12/1/2021,3:15:48,Cooling,1
Rack 12,12/1/2021,3:18:33,Heat Ex Comp,0
Rack 12,12/1/2021,3:22:05,Effulent Coil,1
Rack 12,12/1/2021,3:30:42,Effulent Coil,0
Rack 12,12/1/2021,3:49:19,Heat Ex Comp,1
Rack 12,12/1/2021,3:49:19,Cooling,1
Rack 12,12/1/2021,3:52:02,Heat Ex Comp,0
Rack 12,12/1/2021,4:05:29,Conductivity Pump,1
Rack 12,12/1/2021,4:05:39,Conductivity Pump,0
Rack 12,12/1/2021,4:11:00,Heat Ex Comp,1
Rack 12,12/1/2021,4:11:00,Cooling,1
Rack 12,12/1/2021,4:13:36,Heat Ex Comp,0
Rack 12,12/1/2021,4:28:15,Conductivity Pump,1
Rack 12,12/1/2021,4:28:25,Conductivity Pump,0
Rack 12,12/1/2021,4:32:22,Heat Ex Comp,1
Rack 12,12/1/2021,4:32:22,Cooling,1
Rack 12,12/1/2021,4:35:00,Heat Ex Comp,0
Rack 12,12/1/2021,4:59:28,Heat Ex Comp,1
Rack 12,12/1/2021,4:59:28,Cooling,1
Rack 12,12/1/2021,5:02:06,Effulent Coil,1
Rack 12,12/1/2021,5:02:14,Heat Ex Comp,0
Rack 12,12/1/2021,5:10:42,Effulent Coil,0
Rack 12,12/1/2021,5:30:23,Heat Ex Comp,1
Rack 12,12/1/2021,5:30:23,Cooling,1
Rack 12,12/1/2021,5:32:55,Heat Ex Comp,0
Rack 12,12/1/2021,5:54:35,Heat Ex Comp,1
Rack 12,12/1/2021,5:54:35,Cooling,1
Rack 12,12/1/2021,5:57:15,Heat Ex Comp,0
Rack 12,12/1/2021,6:20:17,Heat Ex Comp,1
Rack 12,12/1/2021,6:20:17,Cooling,1
Rack 12,12/1/2021,6:23:01,Heat Ex Comp,0
Rack 12,12/1/2021,6:42:06,Effulent Coil,1
Rack 12,12/1/2021,6:50:42,Effulent Coil,0
Rack 12,12/1/2021,6:56:48,Heat Ex Comp,1
Rack 12,12/1/2021,6:56:48,Cooling,1
Rack 12,12/1/2021,6:59:30,Heat Ex Comp,0
Rack 12,12/1/2021,7:16:44,Heat Ex Comp,1
Rack 12,12/1/2021,7:16:44,Cooling,1
Rack 12,12/1/2021,7:19:17,Heat Ex Comp,0
Rack 12,12/1/2021,7:42:17,Heat Ex Comp,1
Rack 12,12/1/2021,7:42:17,Cooling,1
Rack 12,12/1/2021,7:45:05,Heat Ex Comp,0
Rack 12,12/1/2021,8:03:55,pH Pump,1
Rack 12,12/1/2021,8:04:15,pH Pump,0
Rack 12,12/1/2021,8:06:28,pH Pump,1
Rack 12,12/1/2021,8:06:48,pH Pump,0
Rack 12,12/1/2021,8:08:55,Heat Ex Comp,1
Rack 12,12/1/2021,8:08:55,Cooling,1
Rack 12,12/1/2021,8:10:28,pH Pump,1
Rack 12,12/1/2021,8:10:49,pH Pump,0
Rack 12,12/1/2021,8:11:46,Heat Ex Comp,0
Rack 12,12/1/2021,8:14:29,pH Pump,1
Rack 12,12/1/2021,8:14:49,pH Pump,0
Rack 12,12/1/2021,8:18:29,pH Pump,1
Rack 12,12/1/2021,8:18:49,pH Pump,0
Rack 12,12/1/2021,8:22:06,Effulent Coil,1
Rack 12,12/1/2021,8:22:29,pH Pump,1
Rack 12,12/1/2021,8:22:48,pH Pump,0
Rack 12,12/1/2021,8:30:42,Effulent Coil,0
Rack 12,12/1/2021,8:38:24,Heat Ex Comp,1
Rack 12,12/1/2021,8:38:24,Cooling,1
Rack 12,12/1/2021,8:41:25,Heat Ex Comp,0
Rack 12,12/1/2021,8:59:27,Heat Ex Comp,1
Rack 12,12/1/2021,8:59:27,Cooling,1
Rack 12,12/1/2021,9:02:30,Heat Ex Comp,0
Rack 12,12/1/2021,9:18:35,pH Pump,1
Rack 12,12/1/2021,9:18:46,Heat Ex Comp,1
Rack 12,12/1/2021,9:18:46,Cooling,1
Rack 12,12/1/2021,9:18:55,pH Pump,0
Rack 12,12/1/2021,9:21:36,Heat Ex Comp,0
Rack 12,12/1/2021,9:22:21,pH Pump,1
Rack 12,12/1/2021,9:22:42,pH Pump,0
Rack 12,12/1/2021,9:26:22,pH Pump,1
Rack 12,12/1/2021,9:26:42,pH Pump,0
Rack 12,12/1/2021,9:30:22,pH Pump,1
Rack 12,12/1/2021,9:30:42,pH Pump,0
Rack 12,12/1/2021,9:34:22,pH Pump,1
Rack 12,12/1/2021,9:34:41,pH Pump,0
Rack 12,12/1/2021,9:38:22,pH Pump,1
Rack 12,12/1/2021,9:38:42,pH Pump,0
Rack 12,12/1/2021,9:42:22,pH Pump,1
Rack 12,12/1/2021,9:42:41,pH Pump,0
Rack 12,12/1/2021,9:46:22,pH Pump,1
Rack 12,12/1/2021,9:46:42,pH Pump,0
Rack 12,12/1/2021,9:50:22,pH Pump,1
Rack 12,12/1/2021,9:50:42,pH Pump,0
Rack 12,12/1/2021,9:54:22,pH Pump,1
Rack 12,12/1/2021,9:54:42,pH Pump,0
Rack 12,12/1/2021,9:55:24,Heat Ex Comp,1
Rack 12,12/1/2021,9:55:24,Cooling,1
Rack 12,12/1/2021,9:58:07,Heat Ex Comp,0
Rack 12,12/1/2021,9:58:22,pH Pump,1
Rack 12,12/1/2021,9:58:41,pH Pump,0
Rack 12,12/1/2021,10:02:06,Effulent Coil,1
Rack 12,12/1/2021,10:02:22,pH Pump,1
Rack 12,12/1/2021,10:02:42,pH Pump,0
Rack 12,12/1/2021,10:06:22,pH Pump,1
Rack 12,12/1/2021,10:06:42,pH Pump,0
Rack 12,12/1/2021,10:10:22,pH Pump,1
Rack 12,12/1/2021,10:10:42,pH Pump,0
Rack 12,12/1/2021,10:10:42,Effulent Coil,0
Rack 12,12/1/2021,10:14:22,pH Pump,1
Rack 12,12/1/2021,10:14:42,pH Pump,0
Rack 12,12/1/2021,10:18:22,pH Pump,1
Rack 12,12/1/2021,10:18:42,pH Pump,0
Rack 12,12/1/2021,10:22:22,pH Pump,1
Rack 12,12/1/2021,10:22:42,pH Pump,0
Rack 12,12/1/2021,10:25:54,Heat Ex Comp,1
Rack 12,12/1/2021,10:25:54,Cooling,1
Rack 12,12/1/2021,10:26:22,pH Pump,1
Rack 12,12/1/2021,10:26:42,pH Pump,0
Rack 12,12/1/2021,10:28:34,Heat Ex Comp,0
Rack 12,12/1/2021,10:43:51,Heat Ex Comp,1
Rack 12,12/1/2021,10:43:51,Cooling,1
Rack 12,12/1/2021,10:54:15,Heat Ex Comp,0
Rack 12,12/1/2021,10:57:15,Heating,1
Rack 12,12/1/2021,11:04:15,Heat Ex Comp,1
Rack 12,12/1/2021,11:11:55,Heat Ex Comp,0
Rack 12,12/1/2021,11:14:31,Cooling,1
Rack 12,12/1/2021,11:21:56,Heat Ex Comp,1
Rack 12,12/1/2021,11:25:15,Heat Ex Comp,0
Rack 12,12/1/2021,11:42:06,Effulent Coil,1
Rack 12,12/1/2021,11:46:52,Heat Ex Comp,1
Rack 12,12/1/2021,11:46:52,Cooling,1
Rack 12,12/1/2021,11:49:30,Heat Ex Comp,0
Rack 12,12/1/2021,11:50:42,Effulent Coil,0
Rack 12,12/1/2021,12:10:02,Conductivity Pump,1
Rack 12,12/1/2021,12:10:12,Conductivity Pump,0
Rack 12,12/1/2021,12:14:45,Heat Ex Comp,1
Rack 12,12/1/2021,12:14:45,Cooling,1
Rack 12,12/1/2021,12:17:37,Heat Ex Comp,0
Rack 12,12/1/2021,12:40:39,Heat Ex Comp,1
Rack 12,12/1/2021,12:40:39,Cooling,1
Rack 12,12/1/2021,12:43:37,Heat Ex Comp,0
Rack 12,12/1/2021,13:02:40,Heat Ex Comp,1
Rack 12,12/1/2021,13:02:40,Cooling,1
Rack 12,12/1/2021,13:05:24,Heat Ex Comp,0
Rack 12,12/1/2021,13:22:06,Effulent Coil,1
Rack 12,12/1/2021,13:30:42,Effulent Coil,0
Rack 12,12/1/2021,13:35:54,Heat Ex Comp,1
Rack 12,12/1/2021,13:35:54,Cooling,1
Rack 12,12/1/2021,13:38:52,Heat Ex Comp,0
Rack 12,12/1/2021,13:58:01,Heat Ex Comp,1
Rack 12,12/1/2021,13:58:01,Cooling,1
Rack 12,12/1/2021,14:01:01,Heat Ex Comp,0
Rack 12,12/1/2021,14:18:09,Heat Ex Comp,1
Rack 12,12/1/2021,14:18:09,Cooling,1
Rack 12,12/1/2021,14:21:03,Heat Ex Comp,0
Rack 12,12/1/2021,14:58:02,Heat Ex Comp,1
Rack 12,12/1/2021,14:58:02,Cooling,1
Rack 12,12/1/2021,15:00:44,Heat Ex Comp,0
Rack 12,12/1/2021,15:02:07,Effulent Coil,1
Rack 12,12/1/2021,15:10:42,Effulent Coil,0
Rack 12,12/1/2021,15:33:04,Heat Ex Comp,1
Rack 12,12/1/2021,15:33:04,Cooling,1
Rack 12,12/1/2021,15:35:40,Heat Ex Comp,0
Rack 12,12/1/2021,15:58:53,Heat Ex Comp,1
Rack 12,12/1/2021,15:58:53,Cooling,1
Rack 12,12/1/2021,16:01:34,Heat Ex Comp,0
Rack 12,12/1/2021,16:25:36,Heat Ex Comp,1
Rack 12,12/1/2021,16:25:36,Cooling,1
Rack 12,12/1/2021,16:28:18,Heat Ex Comp,0
Rack 12,12/1/2021,16:42:07,Effulent Coil,1
Rack 12,12/1/2021,16:50:43,Effulent Coil,0
Rack 12,12/1/2021,17:04:40,Heat Ex Comp,1
Rack 12,12/1/2021,17:04:40,Cooling,1
Rack 12,12/1/2021,17:07:22,Heat Ex Comp,0
Rack 12,12/1/2021,17:27:16,Heat Ex Comp,1
Rack 12,12/1/2021,17:27:16,Cooling,1
Rack 12,12/1/2021,17:29:54,Heat Ex Comp,0
Rack 12,12/1/2021,17:57:45,Heat Ex Comp,1
Rack 12,12/1/2021,17:57:45,Cooling,1
Rack 12,12/1/2021,18:00:30,Heat Ex Comp,0
Rack 12,12/1/2021,18:22:07,Effulent Coil,1
Rack 12,12/1/2021,18:30:43,Effulent Coil,0
Rack 12,12/1/2021,18:36:17,Heat Ex Comp,1
Rack 12,12/1/2021,18:36:17,Cooling,1
Rack 12,12/1/2021,18:39:03,Heat Ex Comp,0
Rack 12,12/1/2021,19:04:16,Heat Ex Comp,1
Rack 12,12/1/2021,19:04:16,Cooling,1
Rack 12,12/1/2021,19:07:04,Heat Ex Comp,0
Rack 12,12/1/2021,19:28:05,Heat Ex Comp,1
Rack 12,12/1/2021,19:28:05,Cooling,1
Rack 12,12/1/2021,19:30:49,Heat Ex Comp,0
Rack 12,12/1/2021,19:55:44,Heat Ex Comp,1
Rack 12,12/1/2021,19:55:44,Cooling,1
Rack 12,12/1/2021,19:58:36,Heat Ex Comp,0
Rack 12,12/1/2021,20:02:07,Effulent Coil,1
Rack 12,12/1/2021,20:10:43,Effulent Coil,0
Rack 12,12/1/2021,20:26:49,Heat Ex Comp,1
Rack 12,12/1/2021,20:26:49,Cooling,1
Rack 12,12/1/2021,20:29:43,Heat Ex Comp,0
Rack 12,12/1/2021,20:45:51,Heat Ex Comp,1
Rack 12,12/1/2021,20:45:51,Cooling,1
Rack 12,12/1/2021,20:48:59,Heat Ex Comp,0
Rack 12,12/1/2021,21:07:59,Heat Ex Comp,1
Rack 12,12/1/2021,21:07:59,Cooling,1
Rack 12,12/1/2021,21:11:21,Heat Ex Comp,0
Rack 12,12/1/2021,21:25:42,Heat Ex Comp,1
Rack 12,12/1/2021,21:25:42,Cooling,1
Rack 12,12/1/2021,21:29:08,Heat Ex Comp,0
Rack 12,12/1/2021,21:42:07,Effulent Coil,1
Rack 12,12/1/2021,21:50:43,Effulent Coil,0
Rack 12,12/1/2021,21:55:46,Heat Ex Comp,1
Rack 12,12/1/2021,21:55:46,Cooling,1
Rack 12,12/1/2021,21:59:16,Heat Ex Comp,0
Rack 12,12/1/2021,22:10:45,Heat Ex Comp,1
Rack 12,12/1/2021,22:10:45,Cooling,1
Rack 12,12/1/2021,22:14:04,Heat Ex Comp,0
Rack 12,12/1/2021,22:29:48,Heat Ex Comp,1
Rack 12,12/1/2021,22:29:48,Cooling,1
Rack 12,12/1/2021,22:33:08,Heat Ex Comp,0
Rack 12,12/1/2021,22:46:16,Heat Ex Comp,1
Rack 12,12/1/2021,22:46:16,Cooling,1
Rack 12,12/1/2021,22:49:28,Heat Ex Comp,0
Rack 12,12/1/2021,23:04:29,Heat Ex Comp,1
Rack 12,12/1/2021,23:04:29,Cooling,1
Rack 12,12/1/2021,23:07:46,Heat Ex Comp,0
Rack 12,12/1/2021,23:22:08,Effulent Coil,1
Rack 12,12/1/2021,23:24:06,Heat Ex Comp,1
Rack 12,12/1/2021,23:24:06,Cooling,1
Rack 12,12/1/2021,23:27:19,Heat Ex Comp,0
Rack 12,12/1/2021,23:29:09,Conductivity Pump,1
Rack 12,12/1/2021,23:29:19,Conductivity Pump,0
Rack 12,12/1/2021,23:30:43,Effulent Coil,0
Rack 12,12/1/2021,23:31:19,Conductivity Pump,1
Rack 12,12/1/2021,23:31:29,Conductivity Pump,0
Rack 12,12/1/2021,23:45:28,Heat Ex Comp,1
Rack 12,12/1/2021,23:45:28,Cooling,1
Rack 12,12/1/2021,23:48:56,Heat Ex Comp,0
Rack 12,11/28/2021,14:29:58,pH Pump,1
Rack 12,11/28/2021,14:30:19,pH Pump,0
Rack 12,11/28/2021,14:33:06,Heat Ex Comp,0
Rack 12,11/28/2021,14:33:38,pH Pump,1
Rack 12,11/28/2021,14:33:58,pH Pump,0
Rack 12,11/28/2021,14:37:38,pH Pump,1
Rack 12,11/28/2021,14:37:57,pH Pump,0
Rack 12,11/28/2021,14:45:03,Heat Ex Comp,1
Rack 12,11/28/2021,14:45:03,Cooling,1
Rack 12,11/28/2021,14:48:47,Heat Ex Comp,0
Rack 12,11/28/2021,14:59:27,Heat Ex Comp,1
Rack 12,11/28/2021,14:59:27,Cooling,1
Rack 12,11/28/2021,15:02:44,Heat Ex Comp,0
Rack 12,11/28/2021,15:16:04,Heat Ex Comp,1
Rack 12,11/28/2021,15:16:04,Cooling,1
Rack 12,11/28/2021,15:19:32,Heat Ex Comp,0
Rack 12,11/28/2021,15:21:55,Effulent Coil,1
Rack 12,11/28/2021,15:30:13,Heat Ex Comp,1
Rack 12,11/28/2021,15:30:13,Cooling,1
Rack 12,11/28/2021,15:30:30,Effulent Coil,0
Rack 12,11/28/2021,15:33:36,Heat Ex Comp,0
Rack 12,11/28/2021,15:44:18,Heat Ex Comp,1
Rack 12,11/28/2021,15:44:18,Cooling,1
Rack 12,11/28/2021,15:47:36,Heat Ex Comp,0
Rack 12,11/28/2021,15:58:18,Heat Ex Comp,1
Rack 12,11/28/2021,15:58:18,Cooling,1
Rack 12,11/28/2021,16:01:48,Heat Ex Comp,0
Rack 12,11/28/2021,16:13:44,Heat Ex Comp,1
Rack 12,11/28/2021,16:13:44,Cooling,1
Rack 12,11/28/2021,16:17:04,Heat Ex Comp,0
Rack 12,11/28/2021,16:27:32,Heat Ex Comp,1
Rack 12,11/28/2021,16:27:32,Cooling,1
Rack 12,11/28/2021,16:31:00,Heat Ex Comp,0
Rack 12,11/28/2021,16:41:48,Heat Ex Comp,1
Rack 12,11/28/2021,16:41:48,Cooling,1
Rack 12,11/28/2021,16:45:11,Heat Ex Comp,0
Rack 12,11/28/2021,16:56:43,Heat Ex Comp,1
Rack 12,11/28/2021,16:56:43,Cooling,1
Rack 12,11/28/2021,17:00:09,Heat Ex Comp,0
Rack 12,11/28/2021,17:01:55,Effulent Coil,1
Rack 12,11/28/2021,17:10:31,Effulent Coil,0
Rack 12,11/28/2021,17:10:57,Heat Ex Comp,1
Rack 12,11/28/2021,17:10:57,Cooling,1
Rack 12,11/28/2021,17:14:18,Heat Ex Comp,0
Rack 12,11/28/2021,17:24:18,Cooling,1
Rack 12,11/28/2021,17:24:18,Heat Ex Comp,1
Rack 12,11/28/2021,17:27:34,Heat Ex Comp,0
Rack 12,11/28/2021,17:38:31,Heat Ex Comp,1
Rack 12,11/28/2021,17:38:31,Cooling,1
Rack 12,11/28/2021,17:42:02,Heat Ex Comp,0
Rack 12,11/28/2021,17:53:46,Heat Ex Comp,1
Rack 12,11/28/2021,17:53:46,Cooling,1
Rack 12,11/28/2021,17:57:08,Heat Ex Comp,0
Rack 12,11/28/2021,18:07:51,Heat Ex Comp,1
Rack 12,11/28/2021,18:07:51,Cooling,1
Rack 12,11/28/2021,18:11:20,Heat Ex Comp,0
Rack 12,11/28/2021,18:23:22,Heat Ex Comp,1
Rack 12,11/28/2021,18:23:22,Cooling,1
Rack 12,11/28/2021,18:26:42,Heat Ex Comp,0
Rack 12,11/28/2021,18:37:39,Heat Ex Comp,1
Rack 12,11/28/2021,18:37:39,Cooling,1
Rack 12,11/28/2021,18:41:01,Heat Ex Comp,0
Rack 12,11/28/2021,18:41:55,Effulent Coil,1
Rack 12,11/28/2021,18:50:31,Effulent Coil,0
Rack 12,11/28/2021,18:52:56,Heat Ex Comp,1
Rack 12,11/28/2021,18:52:56,Cooling,1
Rack 12,11/28/2021,18:56:15,Heat Ex Comp,0
Rack 12,11/28/2021,19:07:44,Heat Ex Comp,1
Rack 12,11/28/2021,19:07:44,Cooling,1
Rack 12,11/28/2021,19:11:10,Heat Ex Comp,0
Rack 12,11/28/2021,19:22:11,Heat Ex Comp,1
Rack 12,11/28/2021,19:22:11,Cooling,1
Rack 12,11/28/2021,19:25:36,Heat Ex Comp,0
Rack 12,11/28/2021,19:26:03,Conductivity Pump,1
Rack 12,11/28/2021,19:26:13,Conductivity Pump,0
Rack 12,11/28/2021,19:28:13,Conductivity Pump,1
Rack 12,11/28/2021,19:28:20,Conductivity Pump,0
Rack 12,11/28/2021,19:33:23,pH Pump,1
Rack 12,11/28/2021,19:33:43,pH Pump,0
Rack 12,11/28/2021,19:37:23,pH Pump,1
Rack 12,11/28/2021,19:37:29,Heat Ex Comp,1
Rack 12,11/28/2021,19:37:29,Cooling,1
Rack 12,11/28/2021,19:37:43,pH Pump,0
Rack 12,11/28/2021,19:40:48,Heat Ex Comp,0
Rack 12,11/28/2021,19:41:23,pH Pump,1
Rack 12,11/28/2021,19:41:43,pH Pump,0
Rack 12,11/28/2021,19:45:23,pH Pump,1
Rack 12,11/28/2021,19:45:43,pH Pump,0
Rack 12,11/28/2021,19:49:23,pH Pump,1
Rack 12,11/28/2021,19:49:43,pH Pump,0
Rack 12,11/28/2021,19:52:15,Heat Ex Comp,1
Rack 12,11/28/2021,19:52:15,Cooling,1
Rack 12,11/28/2021,19:53:23,pH Pump,1
Rack 12,11/28/2021,19:53:43,pH Pump,0
Rack 12,11/28/2021,19:55:29,Heat Ex Comp,0
Rack 12,11/28/2021,19:57:23,pH Pump,1
Rack 12,11/28/2021,19:57:43,pH Pump,0
Rack 12,11/28/2021,20:07:59,Heat Ex Comp,1
Rack 12,11/28/2021,20:07:59,Cooling,1
Rack 12,11/28/2021,20:11:14,Heat Ex Comp,0
Rack 12,11/28/2021,20:21:27,Heat Ex Comp,1
Rack 12,11/28/2021,20:21:27,Cooling,1
Rack 12,11/28/2021,20:21:55,Effulent Coil,1
Rack 12,11/28/2021,20:24:36,Heat Ex Comp,0
Rack 12,11/28/2021,20:30:31,Effulent Coil,0
Rack 12,11/28/2021,20:36:51,Heat Ex Comp,1
Rack 12,11/28/2021,20:36:51,Cooling,1
Rack 12,11/28/2021,20:40:07,Heat Ex Comp,0
Rack 12,11/28/2021,20:50:12,Heat Ex Comp,1
Rack 12,11/28/2021,20:50:12,Cooling,1
Rack 12,11/28/2021,20:53:25,Heat Ex Comp,0
Rack 12,11/28/2021,21:06:23,Heat Ex Comp,1
Rack 12,11/28/2021,21:06:23,Cooling,1
Rack 12,11/28/2021,21:09:36,Heat Ex Comp,0
Rack 12,11/28/2021,21:20:09,Heat Ex Comp,1
Rack 12,11/28/2021,21:20:09,Cooling,1
Rack 12,11/28/2021,21:23:27,Heat Ex Comp,0
Rack 12,11/28/2021,21:35:46,Heat Ex Comp,1
Rack 12,11/28/2021,21:35:46,Cooling,1
Rack 12,11/28/2021,21:38:56,Heat Ex Comp,0
Rack 12,11/28/2021,21:50:21,Heat Ex Comp,1
Rack 12,11/28/2021,21:50:21,Cooling,1
Rack 12,11/28/2021,21:53:38,Heat Ex Comp,0
Rack 12,11/28/2021,22:01:55,Effulent Coil,1
Rack 12,11/28/2021,22:04:49,Heat Ex Comp,1
Rack 12,11/28/2021,22:04:49,Cooling,1
Rack 12,11/28/2021,22:07:57,Heat Ex Comp,0
Rack 12,11/28/2021,22:10:31,Effulent Coil,0
Rack 12,11/28/2021,22:19:59,Heat Ex Comp,1
Rack 12,11/28/2021,22:19:59,Cooling,1
Rack 12,11/28/2021,22:23:18,Heat Ex Comp,0
Rack 12,11/28/2021,22:35:10,Heat Ex Comp,1
Rack 12,11/28/2021,22:35:10,Cooling,1
Rack 12,11/28/2021,22:38:24,Heat Ex Comp,0
Rack 12,11/28/2021,22:50:42,Heat Ex Comp,1
Rack 12,11/28/2021,22:50:42,Cooling,1
Rack 12,11/28/2021,22:54:04,Heat Ex Comp,0
Rack 12,11/28/2021,23:04:49,Heat Ex Comp,1
Rack 12,11/28/2021,23:04:49,Cooling,1
Rack 12,11/28/2021,23:08:01,Heat Ex Comp,0
Rack 12,11/28/2021,23:19:10,Heat Ex Comp,1
Rack 12,11/28/2021,23:19:10,Cooling,1
Rack 12,11/28/2021,23:22:20,Heat Ex Comp,0
Rack 12,11/28/2021,23:33:27,Heat Ex Comp,1
Rack 12,11/28/2021,23:33:27,Cooling,1
Rack 12,11/28/2021,23:36:39,Heat Ex Comp,0
Rack 12,11/28/2021,23:41:55,Effulent Coil,1
Rack 12,11/28/2021,23:49:26,Heat Ex Comp,1
Rack 12,11/28/2021,23:49:26,Cooling,1
Rack 12,11/28/2021,23:50:31,Effulent Coil,0
Rack 12,11/28/2021,23:52:30,Heat Ex Comp,0
Rack 12,11/29/2021,0:03:06,Heat Ex Comp,1
Rack 12,11/29/2021,0:03:06,Cooling,1
Rack 12,11/29/2021,0:06:21,Heat Ex Comp,0
Rack 12,11/29/2021,0:17:23,Heat Ex Comp,1
Rack 12,11/29/2021,0:17:23,Cooling,1
Rack 12,11/29/2021,0:20:29,Heat Ex Comp,0
Rack 12,11/29/2021,0:32:18,Heat Ex Comp,1
Rack 12,11/29/2021,0:32:18,Cooling,1
Rack 12,11/29/2021,0:35:35,Heat Ex Comp,0
Rack 12,11/29/2021,0:47:00,Heat Ex Comp,1
Rack 12,11/29/2021,0:47:00,Cooling,1
Rack 12,11/29/2021,0:50:13,Heat Ex Comp,0
Rack 12,11/29/2021,1:00:04,Cooling,1
Rack 12,11/29/2021,1:00:13,Heat Ex Comp,1
Rack 12,11/29/2021,1:03:15,Heat Ex Comp,0
Rack 12,11/29/2021,1:15:17,Heat Ex Comp,1
Rack 12,11/29/2021,1:15:17,Cooling,1
Rack 12,11/29/2021,1:18:29,Heat Ex Comp,0
Rack 12,11/29/2021,1:21:57,Effulent Coil,1
Rack 12,11/29/2021,1:30:33,Effulent Coil,0
Rack 12,11/29/2021,1:30:50,Heat Ex Comp,1
Rack 12,11/29/2021,1:30:50,Cooling,1
Rack 12,11/29/2021,1:34:02,Heat Ex Comp,0
Rack 12,11/29/2021,1:44:25,Heat Ex Comp,1
Rack 12,11/29/2021,1:44:25,Cooling,1
Rack 12,11/29/2021,1:47:36,Heat Ex Comp,0
Rack 12,11/29/2021,1:59:33,Heat Ex Comp,1
Rack 12,11/29/2021,1:59:33,Cooling,1
Rack 12,11/29/2021,2:02:46,Heat Ex Comp,0
Rack 12,11/29/2021,2:12:44,Cooling,1
Rack 12,11/29/2021,2:12:46,Heat Ex Comp,1
Rack 12,11/29/2021,2:16:05,Heat Ex Comp,0
Rack 12,11/29/2021,2:28:33,Heat Ex Comp,1
Rack 12,11/29/2021,2:28:33,Cooling,1
Rack 12,11/29/2021,2:31:52,Heat Ex Comp,0
Rack 12,11/29/2021,2:42:34,Heat Ex Comp,1
Rack 12,11/29/2021,2:42:34,Cooling,1
Rack 12,11/29/2021,2:45:51,Heat Ex Comp,0
Rack 12,11/29/2021,2:58:30,Heat Ex Comp,1
Rack 12,11/29/2021,2:58:30,Cooling,1
Rack 12,11/29/2021,3:01:52,Heat Ex Comp,0
Rack 12,11/29/2021,3:01:57,Effulent Coil,1
Rack 12,11/29/2021,3:10:33,Effulent Coil,0
Rack 12,11/29/2021,3:12:34,Heat Ex Comp,1
Rack 12,11/29/2021,3:12:34,Cooling,1
Rack 12,11/29/2021,3:15:52,Heat Ex Comp,0
Rack 12,11/29/2021,3:16:26,Conductivity Pump,1
Rack 12,11/29/2021,3:16:36,Conductivity Pump,0
Rack 12,11/29/2021,3:18:36,Conductivity Pump,1
Rack 12,11/29/2021,3:18:45,Conductivity Pump,0
Rack 12,11/29/2021,3:27:46,Heat Ex Comp,1
Rack 12,11/29/2021,3:27:46,Cooling,1
Rack 12,11/29/2021,3:30:59,Heat Ex Comp,0
Rack 12,11/29/2021,3:41:04,Heat Ex Comp,1
Rack 12,11/29/2021,3:41:04,Cooling,1
Rack 12,11/29/2021,3:44:21,Heat Ex Comp,0
Rack 12,11/29/2021,3:56:39,Heat Ex Comp,1
Rack 12,11/29/2021,3:56:39,Cooling,1
Rack 12,11/29/2021,3:59:58,Heat Ex Comp,0
Rack 12,11/29/2021,4:11:16,Heat Ex Comp,1
Rack 12,11/29/2021,4:11:16,Cooling,1
Rack 12,11/29/2021,4:14:37,Heat Ex Comp,0
Rack 12,11/29/2021,4:25:18,Heat Ex Comp,1
Rack 12,11/29/2021,4:25:18,Cooling,1
Rack 12,11/29/2021,4:28:23,Heat Ex Comp,0
Rack 12,11/29/2021,4:40:40,Heat Ex Comp,1
Rack 12,11/29/2021,4:40:40,Cooling,1
Rack 12,11/29/2021,4:41:57,Effulent Coil,1
Rack 12,11/29/2021,4:43:55,Heat Ex Comp,0
Rack 12,11/29/2021,4:50:34,Effulent Coil,0
Rack 12,11/29/2021,4:55:17,Heat Ex Comp,1
Rack 12,11/29/2021,4:55:17,Cooling,1
Rack 12,11/29/2021,4:58:31,Heat Ex Comp,0
Rack 12,11/29/2021,5:10:44,Heat Ex Comp,1
Rack 12,11/29/2021,5:10:44,Cooling,1
Rack 12,11/29/2021,5:14:05,Heat Ex Comp,0
Rack 12,11/29/2021,5:23:30,Cooling,1
Rack 12,11/29/2021,5:24:05,Heat Ex Comp,1
Rack 12,11/29/2021,5:27:19,Heat Ex Comp,0
Rack 12,11/29/2021,5:38:08,Heat Ex Comp,1
Rack 12,11/29/2021,5:38:08,Cooling,1
Rack 12,11/29/2021,5:41:20,Heat Ex Comp,0
Rack 12,11/29/2021,5:52:19,Heat Ex Comp,1
Rack 12,11/29/2021,5:52:19,Cooling,1
Rack 12,11/29/2021,5:55:42,Heat Ex Comp,0
Rack 12,11/29/2021,6:08:18,Heat Ex Comp,1
Rack 12,11/29/2021,6:08:18,Cooling,1
Rack 12,11/29/2021,6:11:35,Heat Ex Comp,0
Rack 12,11/29/2021,6:21:58,Effulent Coil,1
Rack 12,11/29/2021,6:22:35,Heat Ex Comp,1
Rack 12,11/29/2021,6:22:35,Cooling,1
Rack 12,11/29/2021,6:25:53,Heat Ex Comp,0
Rack 12,11/29/2021,6:30:33,Effulent Coil,0
Rack 12,11/29/2021,6:37:28,Heat Ex Comp,1
Rack 12,11/29/2021,6:37:28,Cooling,1
Rack 12,11/29/2021,6:40:44,Heat Ex Comp,0
Rack 12,11/29/2021,6:40:44,Conductivity Pump,1
Rack 12,11/29/2021,6:40:54,Conductivity Pump,0
Rack 12,11/29/2021,6:42:16,Conductivity Pump,1
Rack 12,11/29/2021,6:42:26,Conductivity Pump,0
Rack 12,11/29/2021,6:52:05,Heat Ex Comp,1
Rack 12,11/29/2021,6:52:05,Cooling,1
Rack 12,11/29/2021,6:55:27,Heat Ex Comp,0
Rack 12,11/29/2021,7:06:51,Heat Ex Comp,1
Rack 12,11/29/2021,7:06:51,Cooling,1
Rack 12,11/29/2021,7:10:10,Heat Ex Comp,0
Rack 12,11/29/2021,7:20:40,Heat Ex Comp,1
Rack 12,11/29/2021,7:20:40,Cooling,1
Rack 12,11/29/2021,7:23:57,Heat Ex Comp,0
Rack 12,11/29/2021,7:29:29,Conductivity Pump,1
Rack 12,11/29/2021,7:29:39,Conductivity Pump,0
Rack 12,11/29/2021,7:35:35,Heat Ex Comp,1
Rack 12,11/29/2021,7:35:35,Cooling,1
Rack 12,11/29/2021,7:38:52,Heat Ex Comp,0
Rack 12,11/29/2021,7:51:01,Heat Ex Comp,1
Rack 12,11/29/2021,7:51:01,Cooling,1
Rack 12,11/29/2021,7:54:09,Heat Ex Comp,0
Rack 12,11/29/2021,8:01:58,Effulent Coil,1
Rack 12,11/29/2021,8:03:54,Cooling,1
Rack 12,11/29/2021,8:04:09,Heat Ex Comp,1
Rack 12,11/29/2021,8:07:19,Heat Ex Comp,0
Rack 12,11/29/2021,8:10:34,Effulent Coil,0
Rack 12,11/29/2021,8:19:08,Heat Ex Comp,1
Rack 12,11/29/2021,8:19:08,Cooling,1
Rack 12,11/29/2021,8:22:25,Heat Ex Comp,0
Rack 12,11/29/2021,8:31:55,Cooling,1
Rack 12,11/29/2021,8:32:25,Heat Ex Comp,1
Rack 12,11/29/2021,8:35:47,Heat Ex Comp,0
Rack 12,11/29/2021,8:47:24,Heat Ex Comp,1
Rack 12,11/29/2021,8:47:24,Cooling,1
Rack 12,11/29/2021,8:50:45,Heat Ex Comp,0
Rack 12,11/29/2021,9:00:47,Heat Ex Comp,1
Rack 12,11/29/2021,9:00:47,Cooling,1
Rack 12,11/29/2021,9:04:07,Heat Ex Comp,0
Rack 12,11/29/2021,9:14:08,Heat Ex Comp,1
Rack 12,11/29/2021,9:14:08,Cooling,1
Rack 12,11/29/2021,9:17:39,Heat Ex Comp,0
Rack 12,11/29/2021,9:28:28,Heat Ex Comp,1
Rack 12,11/29/2021,9:28:28,Cooling,1
Rack 12,11/29/2021,9:32:14,Heat Ex Comp,0
Rack 12,11/29/2021,9:41:58,Effulent Coil,1
Rack 12,11/29/2021,9:42:26,Heat Ex Comp,1
Rack 12,11/29/2021,9:42:26,Cooling,1
Rack 12,11/29/2021,9:45:51,Heat Ex Comp,0
Rack 12,11/29/2021,9:50:34,Effulent Coil,0
Rack 12,11/29/2021,9:57:34,Heat Ex Comp,1
Rack 12,11/29/2021,9:57:34,Cooling,1
Rack 12,11/29/2021,10:00:59,Heat Ex Comp,0
Rack 12,11/29/2021,10:12:46,Heat Ex Comp,1
Rack 12,11/29/2021,10:12:46,Cooling,1
Rack 12,11/29/2021,10:16:05,Heat Ex Comp,0
Rack 12,11/29/2021,10:26:59,Heat Ex Comp,1
Rack 12,11/29/2021,10:26:59,Cooling,1
Rack 12,11/29/2021,10:30:33,Heat Ex Comp,0
Rack 12,11/29/2021,10:40:29,Cooling,1
Rack 12,11/29/2021,10:40:33,Heat Ex Comp,1
Rack 12,11/29/2021,10:43:55,Heat Ex Comp,0
Rack 12,11/29/2021,10:54:41,Heat Ex Comp,1
Rack 12,11/29/2021,10:54:41,Cooling,1
Rack 12,11/29/2021,10:58:02,Heat Ex Comp,0
Rack 12,11/29/2021,11:08:16,Heat Ex Comp,1
Rack 12,11/29/2021,11:08:16,Cooling,1
Rack 12,11/29/2021,11:11:44,Heat Ex Comp,0
Rack 12,11/29/2021,11:18:09,Cooling,1
Rack 12,11/29/2021,11:20:23,pH Pump,1
Rack 12,11/29/2021,11:20:43,pH Pump,0
Rack 12,11/29/2021,11:21:44,Heat Ex Comp,1
Rack 12,11/29/2021,11:21:58,Effulent Coil,1
Rack 12,11/29/2021,11:22:57,pH Pump,1
Rack 12,11/29/2021,11:23:17,pH Pump,0
Rack 12,11/29/2021,11:26:57,pH Pump,1
Rack 12,11/29/2021,11:27:16,pH Pump,0
Rack 12,11/29/2021,11:30:34,Effulent Coil,0
Rack 12,11/29/2021,11:30:41,Heat Ex Comp,0
Rack 12,11/29/2021,11:30:56,pH Pump,1
Rack 12,11/29/2021,11:31:17,pH Pump,0
Rack 12,11/29/2021,11:51:03,Heat Ex Comp,1
Rack 12,11/29/2021,11:51:03,Cooling,1
Rack 12,11/29/2021,11:56:21,Heat Ex Comp,0
Rack 12,11/29/2021,11:56:47,Heating,1
Rack 12,11/29/2021,12:17:44,Heat Ex Comp,1
Rack 12,11/29/2021,12:17:44,Cooling,1
Rack 12,11/29/2021,12:21:10,Heat Ex Comp,0
Rack 12,11/29/2021,12:33:22,Heat Ex Comp,1
Rack 12,11/29/2021,12:33:22,Cooling,1
Rack 12,11/29/2021,12:36:56,Heat Ex Comp,0
Rack 12,11/29/2021,12:47:34,Heat Ex Comp,1
Rack 12,11/29/2021,12:47:34,Cooling,1
Rack 12,11/29/2021,12:50:45,Heat Ex Comp,0
Rack 12,11/29/2021,13:01:58,Effulent Coil,1
Rack 12,11/29/2021,13:02:27,Heat Ex Comp,1
Rack 12,11/29/2021,13:02:27,Cooling,1
Rack 12,11/29/2021,13:05:57,Heat Ex Comp,0
Rack 12,11/29/2021,13:10:34,Effulent Coil,0
Rack 12,11/29/2021,13:17:21,Heat Ex Comp,1
Rack 12,11/29/2021,13:17:21,Cooling,1
Rack 12,11/29/2021,13:20:48,Heat Ex Comp,0
Rack 12,11/29/2021,13:33:10,Heat Ex Comp,1
Rack 12,11/29/2021,13:33:10,Cooling,1
Rack 12,11/29/2021,13:36:37,Heat Ex Comp,0
Rack 12,11/29/2021,13:37:29,Conductivity Pump,1
Rack 12,11/29/2021,13:37:38,Conductivity Pump,0
Rack 12,11/29/2021,13:47:24,Heat Ex Comp,1
Rack 12,11/29/2021,13:47:24,Cooling,1
Rack 12,11/29/2021,13:50:52,Heat Ex Comp,0
Rack 12,11/29/2021,14:03:17,Heat Ex Comp,1
Rack 12,11/29/2021,14:03:17,Cooling,1
Rack 12,11/29/2021,14:06:54,Heat Ex Comp,0
Rack 12,11/29/2021,14:17:39,Heat Ex Comp,1
Rack 12,11/29/2021,14:17:39,Cooling,1
Rack 12,11/29/2021,14:21:19,Heat Ex Comp,0
Rack 12,11/29/2021,14:33:00,Heat Ex Comp,1
Rack 12,11/29/2021,14:33:00,Cooling,1
Rack 12,11/29/2021,14:33:28,pH Pump,1
Rack 12,11/29/2021,14:33:49,pH Pump,0
Rack 12,11/29/2021,14:36:27,pH Pump,1
Rack 12,11/29/2021,14:36:46,pH Pump,0
Rack 12,11/29/2021,14:36:52,Heat Ex Comp,0
Rack 12,11/29/2021,14:40:26,pH Pump,1
Rack 12,11/29/2021,14:40:47,pH Pump,0
Rack 12,11/29/2021,14:41:58,Effulent Coil,1
Rack 12,11/29/2021,14:44:26,pH Pump,1
Rack 12,11/29/2021,14:44:46,pH Pump,0
Rack 12,11/29/2021,14:47:08,Heat Ex Comp,1
Rack 12,11/29/2021,14:47:08,Cooling,1
Rack 12,11/29/2021,14:48:27,pH Pump,1
Rack 12,11/29/2021,14:48:46,pH Pump,0
Rack 12,11/29/2021,14:50:26,Heat Ex Comp,0
Rack 12,11/29/2021,14:50:34,Effulent Coil,0
Rack 12,11/29/2021,15:03:45,Heat Ex Comp,1
Rack 12,11/29/2021,15:03:45,Cooling,1
Rack 12,11/29/2021,15:07:01,Heat Ex Comp,0
Rack 12,11/29/2021,15:18:13,Heat Ex Comp,1
Rack 12,11/29/2021,15:18:13,Cooling,1
Rack 12,11/29/2021,15:21:33,Heat Ex Comp,0
Rack 12,11/29/2021,15:33:10,Heat Ex Comp,1
Rack 12,11/29/2021,15:33:10,Cooling,1
Rack 12,11/29/2021,15:36:20,Heat Ex Comp,0
Rack 12,11/29/2021,15:46:25,Heat Ex Comp,1
Rack 12,11/29/2021,15:46:25,Cooling,1
Rack 12,11/29/2021,15:49:47,Heat Ex Comp,0
Rack 12,11/29/2021,16:02:53,Heat Ex Comp,1
Rack 12,11/29/2021,16:02:53,Cooling,1
Rack 12,11/29/2021,16:06:11,Heat Ex Comp,0
Rack 12,11/29/2021,16:16:55,Heat Ex Comp,1
Rack 12,11/29/2021,16:16:55,Cooling,1
Rack 12,11/29/2021,16:20:18,Heat Ex Comp,0
Rack 12,11/29/2021,16:21:59,Effulent Coil,1
Rack 12,11/29/2021,16:30:35,Effulent Coil,0
Rack 12,11/29/2021,16:33:42,Heat Ex Comp,1
Rack 12,11/29/2021,16:33:42,Cooling,1
Rack 12,11/29/2021,16:37:09,Heat Ex Comp,0
Rack 12,11/29/2021,16:49:09,Heat Ex Comp,1
Rack 12,11/29/2021,16:49:09,Cooling,1
Rack 12,11/29/2021,16:52:39,Heat Ex Comp,0
Rack 12,11/29/2021,17:03:56,Heat Ex Comp,1
Rack 12,11/29/2021,17:03:56,Cooling,1
Rack 12,11/29/2021,17:07:20,Heat Ex Comp,0
Rack 12,11/29/2021,17:20:11,Heat Ex Comp,1
Rack 12,11/29/2021,17:20:11,Cooling,1
Rack 12,11/29/2021,17:23:38,Heat Ex Comp,0
Rack 12,11/29/2021,17:34:21,Heat Ex Comp,1
Rack 12,11/29/2021,17:34:21,Cooling,1
Rack 12,11/29/2021,17:37:41,Heat Ex Comp,0
Rack 12,11/29/2021,17:50:21,Heat Ex Comp,1
Rack 12,11/29/2021,17:50:21,Cooling,1
Rack 12,11/29/2021,17:53:38,Heat Ex Comp,0
Rack 12,11/29/2021,18:01:59,Effulent Coil,1
Rack 12,11/29/2021,18:10:27,Heat Ex Comp,1
Rack 12,11/29/2021,18:10:27,Cooling,1
Rack 12,11/29/2021,18:10:35,Effulent Coil,0
Rack 12,11/29/2021,18:12:36,Conductivity Pump,1
